payment_id,user_id,amount,status,date
1,2048,199,failed,2024-03-02
2,3352,299,failed,2024-06-25
3,3421,299,success,2024-02-28
4,312,299,success,2024-02-20
5,4677,299,success,2024-02-04
6,4881,299,success,2024-06-27
7,334,299,success,2024-04-25
8,182,199,success,2024-01-31
9,4184,299,failed,2024-02-09
10,4185,299,success,2024-06-13
11,3123,299,success,2024-05-21
12,2403,199,success,2024-05-03
13,975,299,failed,2024-01-28
14,3676,299,failed,2024-01-12
15,363,299,failed,2024-04-14
16,493,299,failed,2024-03-10
17,3954,199,failed,2024-03-08
18,4834,299,failed,2024-04-06
19,4492,199,failed,2024-02-25
20,2690,299,failed,2024-01-05
21,758,299,success,2024-05-16
22,4091,299,failed,2024-03-02
23,1445,299,failed,2024-04-12
24,2848,299,success,2024-03-22
25,462,299,failed,2024-05-03
26,392,199,success,2024-02-03
27,1914,299,failed,2024-06-16
28,3389,299,failed,2024-04-10
29,1013,299,failed,2024-04-10
30,1510,199,failed,2024-05-03
31,4922,299,failed,2024-04-27
32,459,299,success,2024-02-08
33,1600,199,failed,2024-04-17
34,1219,199,failed,2024-01-13
35,3005,199,success,2024-05-11
36,3852,199,failed,2024-01-09
37,4532,299,success,2024-05-13
38,1942,199,success,2024-02-02
39,465,299,success,2024-02-17
40,370,199,success,2024-03-21
41,1843,299,success,2024-06-13
42,2974,199,failed,2024-05-29
43,2909,299,success,2024-06-26
44,3323,199,failed,2024-01-19
45,2174,199,success,2024-01-28
46,1206,199,failed,2024-04-28
47,1020,299,success,2024-04-26
48,3534,299,success,2024-04-16
49,730,299,success,2024-06-01
50,17,299,success,2024-04-17
51,3296,199,failed,2024-03-12
52,2250,199,success,2024-04-18
53,2694,299,failed,2024-06-08
54,4320,299,success,2024-06-23
55,3541,199,failed,2024-03-15
56,1970,299,success,2024-06-14
57,93,299,failed,2024-05-25
58,1766,199,success,2024-01-27
59,1851,299,success,2024-04-11
60,4066,299,failed,2024-02-06
61,2435,199,failed,2024-02-11
62,4213,299,failed,2024-02-05
63,1614,199,failed,2024-04-14
64,585,299,success,2024-06-10
65,1980,299,success,2024-05-22
66,559,199,success,2024-03-01
67,4928,199,failed,2024-03-17
68,3483,299,failed,2024-06-03
69,4403,299,success,2024-05-26
70,197,299,failed,2024-04-09
71,3797,199,failed,2024-03-17
72,251,299,failed,2024-05-14
73,1755,199,success,2024-01-01
74,531,199,failed,2024-05-28
75,2014,199,success,2024-01-16
76,2038,299,success,2024-06-25
77,1597,199,success,2024-06-05
78,2397,199,success,2024-03-23
79,2090,199,failed,2024-03-31
80,3217,299,failed,2024-06-23
81,1214,299,success,2024-05-08
82,4305,299,success,2024-03-31
83,4540,299,success,2024-05-21
84,1422,199,failed,2024-03-15
85,2945,299,success,2024-03-27
86,224,299,failed,2024-02-16
87,1948,299,failed,2024-03-24
88,4020,299,success,2024-04-26
89,2622,299,failed,2024-01-26
90,1063,199,success,2024-01-18
91,1045,299,success,2024-06-12
92,407,199,success,2024-03-23
93,3064,199,failed,2024-03-02
94,4190,299,success,2024-05-17
95,4726,299,success,2024-02-18
96,2925,199,success,2024-04-16
97,2717,199,failed,2024-02-12
98,1578,199,success,2024-03-15
99,163,199,failed,2024-02-20
100,1225,299,success,2024-05-29
101,953,299,success,2024-02-12
102,4783,299,success,2024-01-08
103,4843,299,failed,2024-05-05
104,1147,199,success,2024-01-03
105,2453,299,failed,2024-06-17
106,3542,299,success,2024-02-22
107,1544,299,success,2024-06-16
108,1994,199,failed,2024-05-25
109,683,299,failed,2024-02-19
110,1575,199,failed,2024-01-11
111,2367,299,success,2024-05-29
112,1393,199,success,2024-04-14
113,2150,199,success,2024-03-03
114,3701,299,failed,2024-04-24
115,1162,199,success,2024-05-15
116,3241,299,success,2024-03-23
117,1998,199,success,2024-03-13
118,3055,199,failed,2024-03-09
119,2897,299,success,2024-03-12
120,4874,199,success,2024-04-22
121,4240,199,success,2024-01-15
122,4985,199,failed,2024-05-22
123,267,199,success,2024-04-14
124,2442,199,success,2024-01-07
125,3319,299,failed,2024-04-19
126,605,199,failed,2024-06-02
127,896,299,success,2024-03-05
128,2541,199,success,2024-06-27
129,3718,299,success,2024-03-30
130,1763,199,failed,2024-06-02
131,1370,199,success,2024-05-05
132,892,199,failed,2024-04-01
133,2898,199,success,2024-01-09
134,1964,199,failed,2024-06-02
135,41,299,success,2024-04-24
136,1941,299,success,2024-01-05
137,4774,299,failed,2024-04-19
138,232,199,success,2024-01-18
139,4980,199,failed,2024-02-22
140,4884,299,success,2024-05-30
141,3260,299,failed,2024-03-01
142,3399,199,success,2024-03-31
143,1156,299,success,2024-06-10
144,2524,199,failed,2024-03-18
145,4895,299,failed,2024-06-23
146,1390,299,success,2024-01-27
147,3799,199,success,2024-05-09
148,1828,299,success,2024-01-09
149,1479,299,success,2024-02-23
150,512,199,failed,2024-05-12
151,2891,299,failed,2024-01-03
152,4545,199,success,2024-03-30
153,1880,199,failed,2024-05-21
154,2811,199,success,2024-01-09
155,1238,299,success,2024-06-25
156,1347,299,failed,2024-02-27
157,333,199,failed,2024-04-19
158,972,299,failed,2024-03-18
159,4887,299,failed,2024-05-17
160,3356,299,failed,2024-05-04
161,783,299,success,2024-05-14
162,652,299,success,2024-05-20
163,342,299,success,2024-02-04
164,2529,199,failed,2024-04-04
165,622,299,failed,2024-02-07
166,1246,199,failed,2024-06-13
167,1120,299,success,2024-03-10
168,4866,299,failed,2024-01-08
169,2220,299,success,2024-03-09
170,4158,199,failed,2024-03-14
171,3858,199,failed,2024-01-23
172,542,199,success,2024-05-08
173,478,299,failed,2024-01-13
174,3977,199,success,2024-04-10
175,4690,199,failed,2024-06-02
176,2369,299,failed,2024-03-23
177,2388,199,success,2024-03-30
178,2440,199,failed,2024-04-21
179,3868,299,success,2024-02-19
180,771,299,success,2024-06-27
181,2821,299,success,2024-04-30
182,315,299,failed,2024-02-26
183,4315,199,failed,2024-02-10
184,1073,199,failed,2024-03-16
185,4627,299,success,2024-02-04
186,4643,299,success,2024-03-17
187,4863,199,success,2024-02-02
188,4432,199,failed,2024-01-04
189,4983,299,success,2024-04-29
190,408,299,failed,2024-01-02
191,576,299,success,2024-01-08
192,4830,199,failed,2024-03-20
193,4789,299,failed,2024-01-22
194,2700,299,failed,2024-03-13
195,2189,199,failed,2024-05-02
196,4785,199,success,2024-05-04
197,1125,199,failed,2024-01-30
198,543,199,success,2024-03-15
199,3170,199,failed,2024-06-19
200,1087,199,success,2024-01-15
201,1269,299,success,2024-03-11
202,3911,299,failed,2024-03-01
203,1454,299,success,2024-03-07
204,256,299,failed,2024-05-30
205,1900,199,failed,2024-01-27
206,4406,199,success,2024-04-03
207,3447,199,success,2024-06-24
208,966,199,success,2024-01-16
209,469,199,success,2024-05-21
210,116,199,failed,2024-06-28
211,1078,199,success,2024-03-26
212,911,299,failed,2024-04-23
213,4430,299,failed,2024-05-27
214,3079,199,success,2024-01-10
215,4092,299,success,2024-02-27
216,1344,199,success,2024-01-29
217,3225,199,failed,2024-05-11
218,2652,299,failed,2024-05-12
219,2893,299,failed,2024-02-07
220,52,199,failed,2024-03-08
221,92,199,failed,2024-04-27
222,4127,299,failed,2024-01-12
223,319,299,success,2024-02-21
224,3333,199,success,2024-04-04
225,3147,199,failed,2024-03-15
226,213,199,failed,2024-03-15
227,530,299,failed,2024-03-11
228,935,199,success,2024-04-29
229,90,299,success,2024-03-06
230,2332,299,success,2024-03-05
231,3650,299,failed,2024-03-29
232,3888,299,success,2024-03-13
233,1002,199,failed,2024-02-15
234,1672,299,success,2024-04-25
235,872,199,failed,2024-04-09
236,4605,199,success,2024-04-02
237,1038,199,success,2024-01-10
238,4059,299,failed,2024-03-31
239,1561,299,failed,2024-01-19
240,3407,199,failed,2024-03-23
241,1486,199,failed,2024-04-26
242,4268,199,success,2024-04-26
243,1619,199,success,2024-01-20
244,4231,299,failed,2024-06-05
245,4892,299,success,2024-04-26
246,996,299,success,2024-01-22
247,876,199,success,2024-01-23
248,1891,299,failed,2024-06-16
249,4265,199,failed,2024-04-28
250,4480,199,success,2024-06-23
251,2632,299,success,2024-04-26
252,366,299,failed,2024-03-26
253,2432,199,success,2024-06-14
254,2247,199,success,2024-05-16
255,3095,199,failed,2024-04-09
256,4493,299,success,2024-06-26
257,3322,199,failed,2024-04-05
258,1885,299,success,2024-04-05
259,1104,199,success,2024-05-05
260,1323,199,success,2024-03-01
261,4891,299,success,2024-05-30
262,1083,299,success,2024-01-26
263,2058,199,failed,2024-04-27
264,151,199,failed,2024-01-03
265,3767,299,success,2024-06-12
266,3503,199,success,2024-03-13
267,2847,199,failed,2024-05-02
268,4048,299,success,2024-06-21
269,4927,299,failed,2024-03-30
270,638,199,success,2024-02-15
271,4598,199,failed,2024-03-05
272,199,199,success,2024-04-14
273,2151,299,failed,2024-04-18
274,3245,299,failed,2024-04-14
275,1605,199,failed,2024-06-11
276,3342,299,failed,2024-03-22
277,4668,299,success,2024-05-23
278,88,199,failed,2024-02-16
279,812,299,failed,2024-04-24
280,1129,199,success,2024-04-02
281,143,299,success,2024-01-21
282,1654,199,success,2024-05-16
283,3424,199,success,2024-01-08
284,1813,299,failed,2024-03-14
285,2321,199,success,2024-06-23
286,2359,199,success,2024-06-18
287,509,299,failed,2024-04-18
288,4115,299,success,2024-05-18
289,515,299,failed,2024-02-26
290,4908,299,failed,2024-04-04
291,1016,199,success,2024-05-06
292,1568,299,failed,2024-06-16
293,1651,199,failed,2024-06-10
294,708,299,success,2024-05-11
295,235,199,success,2024-06-26
296,3309,299,failed,2024-02-17
297,4950,199,success,2024-05-14
298,4934,299,success,2024-05-07
299,1887,199,success,2024-06-18
300,4829,199,failed,2024-04-11
301,4189,299,success,2024-02-19
302,4152,199,failed,2024-05-01
303,3454,199,success,2024-02-15
304,397,299,failed,2024-03-28
305,2686,199,failed,2024-02-11
306,2511,299,success,2024-04-01
307,1841,199,success,2024-01-24
308,211,299,success,2024-03-17
309,4995,199,failed,2024-05-17
310,4708,199,success,2024-01-26
311,296,199,success,2024-05-05
312,82,299,failed,2024-04-28
313,2358,199,success,2024-05-09
314,705,299,failed,2024-04-01
315,1811,199,failed,2024-03-31
316,887,199,failed,2024-02-20
317,1618,199,success,2024-03-21
318,1830,199,success,2024-03-19
319,2219,299,failed,2024-06-22
320,2985,199,success,2024-01-03
321,2564,299,failed,2024-03-14
322,1703,199,failed,2024-04-02
323,4994,199,success,2024-03-11
324,1406,299,failed,2024-02-19
325,3765,199,success,2024-02-05
326,1901,199,failed,2024-06-28
327,4110,299,success,2024-02-13
328,2968,199,success,2024-03-26
329,804,199,failed,2024-01-14
330,4098,299,success,2024-06-25
331,1133,299,failed,2024-03-23
332,4396,299,success,2024-06-03
333,3430,199,failed,2024-01-02
334,3816,299,failed,2024-03-17
335,822,199,failed,2024-02-16
336,1430,199,success,2024-05-17
337,1126,199,failed,2024-02-09
338,3764,199,success,2024-01-05
339,3058,299,failed,2024-01-14
340,1733,199,failed,2024-03-29
341,646,199,failed,2024-03-16
342,284,199,success,2024-04-20
343,3964,199,failed,2024-05-30
344,2434,199,success,2024-03-19
345,4121,299,failed,2024-03-17
346,4537,299,success,2024-06-14
347,684,299,success,2024-05-21
348,3200,299,failed,2024-05-26
349,1399,299,failed,2024-05-16
350,3494,199,success,2024-04-01
351,4770,299,failed,2024-02-02
352,3737,199,failed,2024-02-02
353,843,199,success,2024-06-21
354,826,299,failed,2024-02-08
355,2100,199,success,2024-02-02
356,1054,299,failed,2024-01-04
357,4699,299,failed,2024-03-22
358,2452,299,failed,2024-01-26
359,1821,199,failed,2024-01-25
360,2903,199,success,2024-04-12
361,3805,299,failed,2024-06-09
362,4041,199,success,2024-05-25
363,3254,199,failed,2024-04-29
364,3313,299,success,2024-06-05
365,2375,299,failed,2024-05-15
366,4343,199,success,2024-06-25
367,3438,199,success,2024-03-06
368,3768,199,failed,2024-03-19
369,294,199,failed,2024-04-03
370,2855,199,failed,2024-02-16
371,3513,199,failed,2024-04-30
372,4520,199,failed,2024-06-15
373,4012,299,failed,2024-04-14
374,2789,199,success,2024-05-19
375,48,199,failed,2024-02-05
376,2823,199,failed,2024-01-14
377,968,299,success,2024-02-20
378,473,199,failed,2024-03-18
379,63,299,failed,2024-05-07
380,1698,299,success,2024-06-04
381,1806,299,success,2024-02-12
382,3597,299,success,2024-05-27
383,2463,199,failed,2024-05-20
384,97,299,failed,2024-06-22
385,2600,199,success,2024-06-21
386,2809,199,success,2024-03-21
387,4933,199,success,2024-01-30
388,3563,299,failed,2024-06-24
389,1799,199,failed,2024-04-13
390,4494,199,success,2024-05-24
391,2537,199,success,2024-02-13
392,1028,199,success,2024-05-03
393,1537,299,failed,2024-03-23
394,1137,199,failed,2024-03-13
395,2089,299,success,2024-06-19
396,3493,199,failed,2024-03-04
397,3938,299,failed,2024-05-03
398,1606,199,success,2024-05-08
399,1004,299,failed,2024-02-18
400,289,299,success,2024-01-19
401,1501,199,failed,2024-04-18
402,1546,299,failed,2024-01-12
403,4350,199,failed,2024-04-28
404,3692,299,success,2024-01-28
405,1436,199,failed,2024-04-18
406,2509,199,failed,2024-06-07
407,3288,199,failed,2024-02-29
408,3289,199,failed,2024-04-16
409,977,199,success,2024-02-22
410,2548,299,failed,2024-01-11
411,4412,299,success,2024-05-19
412,2981,299,failed,2024-02-27
413,1030,199,success,2024-04-27
414,4223,299,failed,2024-02-16
415,4376,299,failed,2024-04-02
416,2107,199,failed,2024-03-03
417,2835,299,success,2024-05-16
418,1961,299,success,2024-01-14
419,1584,199,success,2024-05-07
420,3103,299,failed,2024-01-07
421,305,299,success,2024-05-13
422,609,199,failed,2024-06-11
423,1613,199,success,2024-06-04
424,3899,199,failed,2024-01-23
425,4391,299,success,2024-05-17
426,46,299,failed,2024-03-21
427,4914,199,success,2024-02-23
428,1936,299,failed,2024-03-02
429,964,199,failed,2024-01-15
430,4992,299,failed,2024-05-21
431,1595,199,failed,2024-01-11
432,4718,199,success,2024-02-24
433,897,299,failed,2024-04-02
434,2648,299,failed,2024-05-25
435,1278,299,success,2024-01-26
436,2815,199,failed,2024-02-16
437,84,199,success,2024-06-16
438,2728,299,failed,2024-06-19
439,45,299,success,2024-01-03
440,2755,199,failed,2024-01-19
441,4793,199,success,2024-05-18
442,3487,299,success,2024-04-01
443,832,199,success,2024-05-07
444,3291,299,failed,2024-04-24
445,1484,299,failed,2024-03-22
446,4425,199,failed,2024-05-21
447,1971,199,success,2024-03-17
448,3360,299,failed,2024-03-23
449,2144,299,success,2024-02-13
450,4056,299,success,2024-06-27
451,1453,199,failed,2024-02-01
452,754,199,failed,2024-02-12
453,4415,199,success,2024-06-09
454,4342,199,failed,2024-01-06
455,3414,199,failed,2024-06-06
456,3351,299,failed,2024-03-14
457,354,199,failed,2024-06-06
458,1934,199,failed,2024-03-13
459,1664,299,success,2024-05-13
460,1633,199,failed,2024-05-07
461,1279,299,success,2024-03-10
462,4411,299,success,2024-05-09
463,2003,299,success,2024-01-02
464,1392,299,failed,2024-01-10
465,3730,299,failed,2024-03-01
466,3920,299,failed,2024-01-01
467,3221,299,failed,2024-02-03
468,974,299,failed,2024-02-05
469,1574,299,success,2024-06-16
470,3362,199,success,2024-04-24
471,3714,299,success,2024-05-27
472,4081,299,success,2024-02-25
473,3094,199,failed,2024-01-17
474,1607,299,success,2024-02-29
475,269,299,failed,2024-06-15
476,1385,199,success,2024-05-12
477,129,199,failed,2024-03-05
478,4114,299,success,2024-01-18
479,2272,299,failed,2024-03-09
480,3242,299,success,2024-03-02
481,3745,199,failed,2024-03-29
482,3593,299,failed,2024-03-11
483,868,199,success,2024-05-21
484,2482,299,success,2024-05-14
485,2785,299,success,2024-04-03
486,2576,199,failed,2024-05-24
487,3397,299,failed,2024-05-20
488,950,299,failed,2024-05-31
489,3921,199,success,2024-03-03
490,1768,299,failed,2024-05-19
491,2722,199,failed,2024-05-25
492,610,199,failed,2024-05-30
493,3330,299,success,2024-05-29
494,2518,199,success,2024-01-25
495,2577,199,success,2024-02-13
496,1919,299,success,2024-01-25
497,4252,299,failed,2024-04-09
498,3684,299,success,2024-05-28
499,2259,299,success,2024-04-21
500,731,299,success,2024-01-29
501,120,299,success,2024-02-29
502,1360,299,failed,2024-05-15
503,1777,299,failed,2024-04-22
504,3679,299,success,2024-04-27
505,3087,199,success,2024-01-05
506,741,299,failed,2024-06-28
507,3152,299,failed,2024-05-30
508,3375,199,failed,2024-05-09
509,4772,199,success,2024-03-25
510,4232,199,success,2024-04-17
511,3914,299,success,2024-05-03
512,4465,299,success,2024-06-25
513,2123,199,failed,2024-06-16
514,1154,199,success,2024-01-31
515,1760,299,success,2024-03-29
516,1307,199,failed,2024-05-14
517,4818,299,success,2024-01-25
518,308,299,success,2024-04-05
519,3083,199,success,2024-05-01
520,856,299,success,2024-03-01
521,505,299,success,2024-03-12
522,3753,299,failed,2024-01-14
523,1608,199,failed,2024-04-21
524,2056,299,success,2024-05-13
525,3818,299,failed,2024-04-28
526,2165,199,success,2024-01-23
527,2264,199,failed,2024-03-19
528,3596,299,failed,2024-06-12
529,1220,199,success,2024-06-21
530,3990,199,failed,2024-06-20
531,425,299,success,2024-05-16
532,3940,299,success,2024-05-07
533,3997,299,failed,2024-01-12
534,3238,299,failed,2024-03-05
535,4897,199,failed,2024-01-21
536,3889,199,success,2024-01-21
537,2484,299,failed,2024-03-31
538,3574,199,failed,2024-01-02
539,3049,199,failed,2024-05-15
540,709,199,success,2024-05-19
541,4977,199,success,2024-05-29
542,4797,199,failed,2024-06-25
543,2073,299,failed,2024-01-09
544,1135,199,failed,2024-06-20
545,4495,199,success,2024-06-14
546,4496,299,success,2024-04-02
547,2407,199,failed,2024-01-03
548,1860,199,success,2024-03-26
549,4541,199,failed,2024-03-08
550,3357,299,failed,2024-05-07
551,1286,299,success,2024-05-09
552,3998,299,success,2024-05-10
553,2539,299,success,2024-05-22
554,3996,199,success,2024-02-19
555,2197,299,success,2024-06-02
556,4855,299,success,2024-05-15
557,2140,299,success,2024-04-13
558,916,199,success,2024-01-05
559,2200,299,success,2024-06-22
560,1085,299,success,2024-02-08
561,3109,299,success,2024-04-19
562,2703,199,success,2024-02-01
563,4047,199,failed,2024-04-04
564,3039,199,failed,2024-02-29
565,4174,299,failed,2024-05-05
566,1408,199,success,2024-01-17
567,2731,199,success,2024-05-07
568,3267,299,failed,2024-05-30
569,3883,299,failed,2024-06-20
570,1884,199,success,2024-03-19
571,3827,299,failed,2024-02-14
572,3420,299,failed,2024-04-01
573,736,199,success,2024-06-24
574,3699,199,success,2024-01-15
575,68,299,success,2024-06-14
576,3653,299,success,2024-05-15
577,3213,199,success,2024-06-22
578,2556,199,success,2024-03-19
579,4467,299,failed,2024-06-15
580,1022,199,success,2024-06-27
581,2744,299,success,2024-06-10
582,3555,199,success,2024-02-05
583,4700,199,failed,2024-01-20
584,291,199,success,2024-04-17
585,4835,299,success,2024-01-13
586,1088,299,success,2024-02-13
587,3295,199,success,2024-02-14
588,4191,199,failed,2024-02-16
589,2242,199,success,2024-01-21
590,453,199,success,2024-04-20
591,141,199,success,2024-05-30
592,862,299,success,2024-02-15
593,2006,199,failed,2024-01-03
594,1726,199,success,2024-04-02
595,510,199,failed,2024-06-16
596,4417,299,failed,2024-03-28
597,4054,199,success,2024-03-29
598,4569,199,success,2024-06-26
599,2709,299,success,2024-05-27
600,1411,199,failed,2024-02-08
601,913,199,failed,2024-05-29
602,1707,199,success,2024-05-04
603,4362,199,success,2024-02-15
604,1192,299,success,2024-03-23
605,3558,199,failed,2024-02-01
606,2335,299,failed,2024-04-26
607,2343,199,failed,2024-01-26
608,158,199,failed,2024-02-13
609,1915,299,failed,2024-01-08
610,3312,199,failed,2024-03-01
611,2680,199,success,2024-01-11
612,59,299,success,2024-01-16
613,3629,299,failed,2024-04-14
614,2769,199,failed,2024-01-10
615,3061,299,failed,2024-02-28
616,3314,299,failed,2024-02-22
617,3871,299,failed,2024-02-10
618,1847,199,failed,2024-01-05
619,3118,199,success,2024-01-03
620,2416,199,failed,2024-04-14
621,482,199,success,2024-03-12
622,1892,199,failed,2024-01-28
623,1372,199,success,2024-05-31
624,3387,299,success,2024-06-14
625,2394,199,failed,2024-03-06
626,3669,299,failed,2024-03-02
627,349,199,failed,2024-01-06
628,2858,199,failed,2024-01-19
629,2108,199,failed,2024-05-25
630,3040,299,success,2024-03-02
631,1354,199,success,2024-02-07
632,4775,299,success,2024-02-08
633,1530,199,failed,2024-01-20
634,209,299,success,2024-02-25
635,2346,199,failed,2024-05-02
636,511,299,failed,2024-05-09
637,2581,299,success,2024-05-23
638,2975,199,success,2024-04-08
639,2271,299,success,2024-05-14
640,108,299,success,2024-06-06
641,1349,299,success,2024-02-04
642,1779,299,failed,2024-02-08
643,3644,199,failed,2024-06-19
644,1340,299,success,2024-05-23
645,643,299,failed,2024-05-23
646,4207,199,success,2024-05-31
647,4967,199,failed,2024-05-21
648,446,199,success,2024-01-16
649,174,299,success,2024-02-01
650,2913,299,failed,2024-06-28
651,4310,199,success,2024-03-11
652,720,199,failed,2024-03-29
653,1071,199,failed,2024-03-27
654,1708,299,failed,2024-01-02
655,4033,299,failed,2024-04-10
656,697,299,failed,2024-06-08
657,1741,299,success,2024-02-12
658,31,199,failed,2024-01-18
659,3970,299,success,2024-06-18
660,2168,299,success,2024-05-04
661,4749,199,success,2024-04-19
662,351,199,success,2024-03-27
663,4876,199,success,2024-01-09
664,3328,299,failed,2024-05-16
665,4810,199,success,2024-03-25
666,3729,299,success,2024-05-24
667,1615,199,success,2024-01-05
668,4903,299,success,2024-05-21
669,3336,199,success,2024-05-31
670,3207,199,failed,2024-04-24
671,488,199,success,2024-06-07
672,4680,299,success,2024-03-25
673,3461,299,success,2024-06-02
674,442,199,failed,2024-01-17
675,2130,299,success,2024-01-04
676,2547,199,failed,2024-05-14
677,2031,299,failed,2024-05-10
678,3,299,failed,2024-06-17
679,359,199,failed,2024-05-28
680,71,299,failed,2024-02-29
681,4814,299,success,2024-03-18
682,4988,199,failed,2024-02-13
683,2810,199,failed,2024-06-14
684,1106,299,success,2024-01-23
685,4053,199,success,2024-04-19
686,2727,199,success,2024-05-28
687,3413,199,failed,2024-05-10
688,3100,299,failed,2024-02-17
689,118,199,success,2024-01-11
690,1999,199,success,2024-05-20
691,4948,299,failed,2024-05-16
692,729,199,failed,2024-06-27
693,4579,199,success,2024-03-28
694,3278,299,failed,2024-01-23
695,1640,199,success,2024-02-03
696,3381,199,success,2024-06-02
697,3134,299,success,2024-03-01
698,563,199,failed,2024-04-02
699,4353,299,success,2024-01-12
700,2232,199,success,2024-01-05
701,1215,299,success,2024-02-29
702,2273,299,failed,2024-02-20
703,145,299,success,2024-02-21
704,2036,199,failed,2024-02-24
705,2557,299,success,2024-03-11
706,706,199,success,2024-04-08
707,661,199,failed,2024-03-11
708,185,199,success,2024-02-16
709,3132,299,success,2024-04-05
710,4085,199,success,2024-05-06
711,805,199,failed,2024-06-04
712,3133,299,success,2024-06-19
713,960,199,success,2024-02-26
714,4765,199,success,2024-03-13
715,548,299,failed,2024-06-11
716,2437,299,success,2024-05-25
717,1091,299,failed,2024-03-23
718,1913,299,failed,2024-04-06
719,1683,299,success,2024-02-18
720,3218,199,success,2024-01-04
721,1718,199,success,2024-01-28
722,1756,299,success,2024-03-04
723,4348,299,success,2024-01-07
724,132,299,failed,2024-03-12
725,3067,299,failed,2024-04-08
726,4595,299,success,2024-05-19
727,4825,299,success,2024-03-23
728,3982,199,failed,2024-06-18
729,1155,299,success,2024-06-14
730,2496,199,success,2024-01-18
731,2457,199,success,2024-01-28
732,4697,199,failed,2024-02-07
733,787,199,success,2024-04-05
734,1709,299,success,2024-02-28
735,4234,199,success,2024-04-03
736,4328,299,failed,2024-06-08
737,1041,299,failed,2024-03-26
738,2936,199,success,2024-02-19
739,602,199,failed,2024-05-02
740,3757,199,failed,2024-05-10
741,1772,299,success,2024-01-19
742,4503,199,success,2024-01-18
743,4522,299,success,2024-06-06
744,4005,299,failed,2024-02-21
745,2293,199,success,2024-03-12
746,3655,299,failed,2024-06-05
747,2749,299,success,2024-05-24
748,4612,199,success,2024-05-26
749,2384,299,failed,2024-01-14
750,3759,199,failed,2024-01-16
751,3904,199,failed,2024-03-19
752,520,199,failed,2024-04-09
753,2745,299,failed,2024-01-18
754,1558,199,failed,2024-04-10
755,1727,299,success,2024-02-09
756,1689,199,success,2024-01-13
757,1560,299,success,2024-03-13
758,1144,299,success,2024-04-29
759,4157,199,success,2024-03-04
760,997,299,success,2024-06-25
761,3660,299,failed,2024-04-27
762,167,299,success,2024-03-11
763,2911,199,success,2024-04-06
764,4330,199,success,2024-05-31
765,3365,299,failed,2024-01-27
766,1685,199,failed,2024-02-12
767,3579,199,failed,2024-05-17
768,571,199,success,2024-01-13
769,1676,199,success,2024-04-25
770,3385,199,failed,2024-01-22
771,1277,299,failed,2024-02-23
772,4151,299,failed,2024-05-13
773,157,199,success,2024-02-19
774,4027,299,success,2024-05-28
775,4464,199,failed,2024-02-13
776,1398,199,failed,2024-01-07
777,1134,199,failed,2024-02-04
778,707,299,failed,2024-04-03
779,104,199,success,2024-03-15
780,3806,299,failed,2024-03-04
781,3840,299,failed,2024-01-30
782,314,299,success,2024-02-27
783,456,299,failed,2024-05-28
784,3971,199,success,2024-02-10
785,3619,299,failed,2024-04-19
786,3366,199,failed,2024-05-18
787,2377,199,failed,2024-03-10
788,3833,199,failed,2024-02-16
789,2047,199,failed,2024-06-01
790,75,299,failed,2024-02-01
791,3536,299,success,2024-06-03
792,1731,299,success,2024-06-22
793,1079,199,failed,2024-01-12
794,3988,299,success,2024-01-13
795,4827,299,success,2024-01-12
796,877,299,failed,2024-06-25
797,3418,299,failed,2024-04-24
798,1886,299,success,2024-06-11
799,3179,299,success,2024-01-18
800,58,299,failed,2024-06-19
801,1402,299,success,2024-02-17
802,208,299,success,2024-04-11
803,1817,299,failed,2024-06-02
804,1188,199,failed,2024-04-14
805,1333,199,failed,2024-06-27
806,841,299,success,2024-04-08
807,3796,299,success,2024-05-16
808,1345,199,failed,2024-06-08
809,374,199,success,2024-03-09
810,992,199,success,2024-02-26
811,871,199,failed,2024-04-05
812,869,199,failed,2024-06-07
813,2520,299,success,2024-02-22
814,1717,199,failed,2024-02-25
815,1437,199,success,2024-04-04
816,995,299,failed,2024-02-13
817,2990,199,failed,2024-03-02
818,3084,199,success,2024-02-29
819,2164,299,failed,2024-06-15
820,4663,199,success,2024-01-07
821,1896,299,failed,2024-06-28
822,4734,199,failed,2024-04-04
823,1712,299,failed,2024-02-14
824,1695,199,success,2024-05-12
825,5000,199,failed,2024-02-01
826,1485,199,success,2024-03-18
827,4879,299,success,2024-06-17
828,3946,299,failed,2024-05-21
829,4576,199,failed,2024-05-15
830,458,199,success,2024-03-24
831,3696,199,failed,2024-06-17
832,3177,199,failed,2024-04-12
833,1362,299,success,2024-01-10
834,4312,199,success,2024-01-08
835,1173,199,success,2024-02-21
836,2148,299,success,2024-04-11
837,2222,299,success,2024-06-28
838,431,299,success,2024-02-06
839,2204,199,success,2024-02-05
840,4100,199,success,2024-05-28
841,535,299,success,2024-06-20
842,3603,199,failed,2024-06-23
843,2951,199,failed,2024-03-06
844,3324,299,success,2024-04-03
845,2870,199,failed,2024-05-26
846,1026,199,failed,2024-03-19
847,3136,199,success,2024-05-31
848,4170,299,failed,2024-04-15
849,2184,299,failed,2024-03-28
850,2819,299,success,2024-06-27
851,432,299,failed,2024-01-01
852,1474,299,failed,2024-04-16
853,262,299,failed,2024-01-18
854,4978,299,success,2024-04-24
855,660,199,success,2024-06-27
856,688,199,failed,2024-02-08
857,1483,199,success,2024-01-11
858,1622,199,success,2024-06-04
859,4006,299,success,2024-05-18
860,4434,299,success,2024-04-05
861,3667,299,success,2024-06-10
862,2149,299,failed,2024-04-14
863,43,299,failed,2024-01-01
864,3538,199,failed,2024-05-22
865,921,299,failed,2024-05-31
866,1335,199,failed,2024-06-16
867,3697,299,success,2024-03-10
868,2839,199,failed,2024-03-07
869,2013,199,failed,2024-01-24
870,1938,199,failed,2024-02-20
871,4519,199,failed,2024-05-05
872,2843,299,success,2024-03-12
873,227,299,success,2024-02-13
874,128,299,success,2024-01-26
875,51,199,failed,2024-03-05
876,3401,299,success,2024-01-01
877,1419,299,success,2024-05-03
878,4667,299,failed,2024-01-03
879,4759,199,success,2024-04-15
880,391,199,failed,2024-03-18
881,4355,299,success,2024-06-06
882,1563,299,success,2024-04-12
883,2932,199,failed,2024-02-02
884,4022,199,failed,2024-04-22
885,3358,299,failed,2024-01-21
886,1455,299,failed,2024-05-22
887,650,199,failed,2024-03-03
888,2471,299,success,2024-02-16
889,3016,199,success,2024-04-04
890,2180,199,failed,2024-02-20
891,1751,299,success,2024-02-02
892,4383,199,success,2024-05-05
893,4637,199,failed,2024-04-17
894,2980,299,success,2024-04-25
895,3782,299,success,2024-04-09
896,4727,299,failed,2024-05-16
897,2467,199,success,2024-01-31
898,3014,199,failed,2024-06-05
899,2868,199,failed,2024-03-17
900,2792,199,failed,2024-05-17
901,470,299,failed,2024-05-16
902,861,199,success,2024-02-14
903,2992,199,failed,2024-01-03
904,889,199,success,2024-03-22
905,4621,299,failed,2024-05-02
906,2862,199,success,2024-06-03
907,112,199,success,2024-06-08
908,428,199,failed,2024-01-08
909,1330,299,failed,2024-05-25
910,4008,199,success,2024-06-02
911,4208,199,success,2024-03-20
912,528,299,failed,2024-02-29
913,3600,199,success,2024-05-02
914,1086,299,success,2024-01-04
915,4622,299,success,2024-02-02
916,2642,299,failed,2024-01-31
917,1822,199,success,2024-06-09
918,1018,299,failed,2024-03-10
919,2748,199,failed,2024-05-22
920,2678,199,success,2024-06-15
921,1701,299,failed,2024-06-07
922,4556,199,success,2024-03-13
923,2284,299,success,2024-05-03
924,3395,199,failed,2024-02-01
925,2830,199,failed,2024-03-04
926,2205,199,failed,2024-06-14
927,2136,199,failed,2024-06-18
928,4518,199,failed,2024-02-22
929,837,199,success,2024-05-19
930,170,299,failed,2024-06-11
931,3286,299,failed,2024-03-19
932,617,299,failed,2024-02-21
933,3546,199,failed,2024-04-16
934,4074,199,success,2024-04-01
935,2302,299,success,2024-04-05
936,1702,199,success,2024-04-24
937,4292,299,success,2024-04-14
938,3981,299,failed,2024-05-30
939,65,299,failed,2024-05-08
940,3795,299,failed,2024-03-20
941,3462,299,failed,2024-06-23
942,3913,199,failed,2024-01-20
943,1074,299,failed,2024-01-17
944,2944,199,success,2024-01-25
945,1094,299,failed,2024-03-08
946,1996,299,success,2024-04-01
947,4229,299,success,2024-05-04
948,907,199,success,2024-03-18
949,4247,299,success,2024-01-22
950,3530,299,success,2024-01-15
951,714,199,success,2024-03-09
952,2946,199,failed,2024-05-22
953,122,199,failed,2024-04-25
954,3790,199,failed,2024-03-03
955,2895,299,success,2024-06-23
956,1925,299,success,2024-06-10
957,3321,299,success,2024-04-02
958,1663,199,success,2024-03-26
959,3961,199,failed,2024-01-16
960,3146,199,failed,2024-03-11
961,3862,199,success,2024-02-20
962,1512,199,failed,2024-01-07
963,1328,199,failed,2024-04-23
964,4625,299,success,2024-01-08
965,1553,199,success,2024-01-01
966,3350,299,success,2024-06-08
967,637,199,failed,2024-03-29
968,189,299,failed,2024-05-03
969,1404,199,success,2024-06-21
970,4026,199,failed,2024-05-15
971,4920,199,failed,2024-04-28
972,1012,199,failed,2024-03-03
973,2374,299,failed,2024-04-09
974,26,199,success,2024-02-16
975,2969,299,success,2024-02-06
976,3455,199,success,2024-05-07
977,1580,199,success,2024-03-03
978,547,199,failed,2024-04-14
979,2587,199,success,2024-02-28
980,3176,199,success,2024-05-09
981,1456,299,success,2024-04-05
982,4175,199,failed,2024-02-01
983,1117,199,failed,2024-03-07
984,888,299,failed,2024-04-15
985,1988,199,success,2024-04-23
986,1555,199,success,2024-04-01
987,1234,199,failed,2024-05-29
988,839,299,success,2024-05-08
989,2594,199,failed,2024-06-18
990,2387,299,failed,2024-05-15
991,3951,299,failed,2024-01-17
992,1773,299,success,2024-06-24
993,1222,199,success,2024-04-28
994,4281,299,failed,2024-05-23
995,3691,299,success,2024-03-28
996,1977,299,success,2024-05-27
997,4631,299,success,2024-06-06
998,4907,199,success,2024-06-09
999,4055,199,failed,2024-03-29
1000,824,199,failed,2024-06-22
1001,4817,299,success,2024-04-19
1002,3535,199,failed,2024-06-12
1003,922,299,failed,2024-04-03
1004,240,199,failed,2024-02-09
1005,2201,299,failed,2024-01-27
1006,4499,199,success,2024-06-21
1007,4300,299,failed,2024-03-14
1008,4242,199,failed,2024-05-31
1009,347,299,failed,2024-01-31
1010,678,199,failed,2024-04-11
1011,2952,199,failed,2024-01-19
1012,1473,299,failed,2024-02-25
1013,3955,199,success,2024-03-05
1014,3122,199,failed,2024-05-09
1015,2796,199,success,2024-02-08
1016,873,299,failed,2024-05-19
1017,2735,299,failed,2024-06-06
1018,4303,199,success,2024-06-16
1019,3748,299,failed,2024-05-20
1020,1982,199,failed,2024-03-29
1021,917,199,failed,2024-01-18
1022,1275,299,success,2024-03-12
1023,3157,299,success,2024-04-05
1024,1579,299,success,2024-01-12
1025,4871,299,success,2024-04-28
1026,3089,299,failed,2024-02-13
1027,1572,199,failed,2024-03-06
1028,4401,299,success,2024-02-22
1029,2481,299,success,2024-02-29
1030,3780,299,failed,2024-06-27
1031,1771,199,success,2024-03-29
1032,4944,299,success,2024-05-08
1033,1960,299,success,2024-04-14
1034,3125,199,success,2024-03-31
1035,1383,199,failed,2024-05-28
1036,1850,299,failed,2024-02-24
1037,2137,199,success,2024-05-10
1038,2466,199,failed,2024-03-03
1039,1681,299,failed,2024-04-14
1040,2803,299,success,2024-03-03
1041,1341,199,failed,2024-01-29
1042,1373,199,success,2024-01-17
1043,4359,199,success,2024-04-22
1044,3824,299,failed,2024-05-11
1045,4457,199,success,2024-03-02
1046,1251,299,success,2024-04-19
1047,2365,299,success,2024-04-21
1048,4949,199,success,2024-03-13
1049,1787,299,success,2024-03-06
1050,2986,199,failed,2024-01-05
1051,413,299,success,2024-05-25
1052,981,299,success,2024-06-19
1053,1081,299,success,2024-06-17
1054,2352,299,success,2024-05-16
1055,4607,299,success,2024-04-17
1056,1163,199,failed,2024-01-21
1057,1762,299,failed,2024-02-08
1058,343,199,failed,2024-04-29
1059,400,299,success,2024-06-22
1060,4409,299,success,2024-03-28
1061,2114,299,failed,2024-05-23
1062,1834,299,failed,2024-06-04
1063,2929,299,success,2024-04-03
1064,1311,299,success,2024-03-27
1065,1169,299,success,2024-06-10
1066,4570,199,failed,2024-04-10
1067,1121,299,success,2024-05-30
1068,3228,299,failed,2024-05-23
1069,3226,299,success,2024-02-10
1070,4728,299,success,2024-04-05
1071,1551,299,success,2024-02-04
1072,3088,299,failed,2024-03-31
1073,2260,299,failed,2024-03-03
1074,295,199,failed,2024-05-27
1075,4729,299,success,2024-04-29
1076,4193,199,success,2024-03-06
1077,4513,299,failed,2024-03-17
1078,4546,299,success,2024-05-13
1079,1645,199,success,2024-03-18
1080,2900,299,success,2024-03-28
1081,2970,299,success,2024-03-31
1082,1184,299,failed,2024-05-16
1083,986,299,failed,2024-02-19
1084,2710,299,failed,2024-03-27
1085,4079,299,failed,2024-04-08
1086,2215,299,failed,2024-03-04
1087,3460,199,failed,2024-06-27
1088,1194,199,success,2024-02-06
1089,1842,299,failed,2024-03-30
1090,2143,299,success,2024-06-21
1091,3209,299,failed,2024-01-31
1092,1714,199,failed,2024-03-12
1093,598,299,success,2024-06-12
1094,3283,299,failed,2024-01-16
1095,959,299,success,2024-04-28
1096,4143,199,failed,2024-05-01
1097,4710,299,success,2024-06-07
1098,2774,299,success,2024-06-11
1099,1866,199,success,2024-06-13
1100,4000,199,success,2024-03-02
1101,3466,199,success,2024-06-15
1102,4751,299,success,2024-06-05
1103,149,199,success,2024-04-01
1104,4421,299,success,2024-04-02
1105,865,299,success,2024-01-08
1106,4738,299,success,2024-04-13
1107,2316,199,success,2024-04-03
1108,1602,299,success,2024-06-06
1109,2660,199,success,2024-06-17
1110,219,199,success,2024-05-22
1111,2561,299,success,2024-03-17
1112,2131,299,failed,2024-05-16
1113,3270,199,failed,2024-01-20
1114,178,299,failed,2024-06-12
1115,2535,299,success,2024-04-25
1116,1969,199,success,2024-06-25
1117,1502,299,failed,2024-01-13
1118,30,199,failed,2024-01-18
1119,2246,199,success,2024-01-08
1120,4716,299,failed,2024-06-18
1121,3531,199,success,2024-01-08
1122,4369,199,success,2024-02-29
1123,3533,299,success,2024-02-27
1124,1507,199,success,2024-04-24
1125,2822,199,success,2024-04-25
1126,3300,199,failed,2024-05-31
1127,1359,299,success,2024-02-13
1128,1245,199,success,2024-04-13
1129,3110,199,failed,2024-06-27
1130,3327,299,failed,2024-05-15
1131,3808,299,failed,2024-06-16
1132,2829,299,failed,2024-06-09
1133,3991,199,failed,2024-03-18
1134,3919,199,failed,2024-05-28
1135,2298,199,success,2024-02-02
1136,1293,199,success,2024-04-14
1137,1659,299,failed,2024-04-18
1138,848,299,success,2024-02-24
1139,664,199,success,2024-03-05
1140,3406,199,success,2024-02-26
1141,4291,299,success,2024-03-10
1142,2982,199,failed,2024-05-21
1143,3901,199,failed,2024-01-25
1144,3793,199,failed,2024-05-07
1145,1195,299,success,2024-06-15
1146,2296,299,success,2024-01-23
1147,4405,299,success,2024-06-19
1148,717,299,success,2024-04-12
1149,3178,199,success,2024-05-24
1150,2285,199,failed,2024-06-07
1151,1101,299,failed,2024-02-21
1152,2778,199,failed,2024-01-28
1153,3315,299,success,2024-05-14
1154,2252,199,success,2024-04-30
1155,1867,199,success,2024-01-18
1156,2045,199,failed,2024-05-13
1157,1358,299,failed,2024-05-27
1158,3216,199,failed,2024-05-04
1159,694,199,failed,2024-03-27
1160,144,199,failed,2024-01-02
1161,365,199,success,2024-06-01
1162,3910,299,failed,2024-04-20
1163,3344,199,success,2024-05-13
1164,1628,199,failed,2024-06-19
1165,4802,299,failed,2024-06-05
1166,4063,299,failed,2024-01-09
1167,813,199,success,2024-05-21
1168,2330,199,success,2024-06-21
1169,344,299,success,2024-01-15
1170,3422,299,failed,2024-06-22
1171,2129,199,success,2024-03-20
1172,965,299,success,2024-04-21
1173,3554,299,failed,2024-04-24
1174,4029,199,success,2024-02-14
1175,2857,199,success,2024-02-13
1176,1816,299,success,2024-01-09
1177,4458,199,failed,2024-04-01
1178,2908,199,success,2024-03-08
1179,3512,199,failed,2024-05-19
1180,1827,299,success,2024-05-02
1181,114,299,success,2024-05-08
1182,1288,299,success,2024-06-20
1183,2438,299,failed,2024-06-16
1184,3026,199,failed,2024-05-03
1185,534,199,failed,2024-05-11
1186,3485,299,failed,2024-02-11
1187,4238,299,failed,2024-06-09
1188,3720,299,failed,2024-04-08
1189,772,199,failed,2024-04-20
1190,2382,299,failed,2024-05-09
1191,4976,199,success,2024-05-17
1192,2699,299,success,2024-03-12
1193,4271,299,success,2024-05-21
1194,1172,199,success,2024-03-01
1195,1131,299,failed,2024-01-27
1196,1870,299,failed,2024-03-17
1197,1053,299,failed,2024-03-17
1198,2076,199,failed,2024-01-29
1199,243,199,failed,2024-01-08
1200,4407,299,success,2024-03-06
1201,4712,299,failed,2024-04-11
1202,3011,299,failed,2024-03-16
1203,764,299,failed,2024-06-26
1204,4459,199,failed,2024-06-17
1205,355,299,success,2024-05-17
1206,1722,299,failed,2024-06-01
1207,1542,199,failed,2024-01-26
1208,1211,299,failed,2024-04-25
1209,2790,199,success,2024-06-02
1210,4962,299,failed,2024-03-26
1211,1621,299,failed,2024-04-12
1212,2948,199,success,2024-05-19
1213,3203,199,success,2024-06-02
1214,447,199,success,2024-01-13
1215,756,199,failed,2024-03-22
1216,1441,299,success,2024-01-31
1217,859,299,failed,2024-01-17
1218,3429,199,success,2024-05-22
1219,1356,199,failed,2024-01-22
1220,792,199,failed,2024-01-16
1221,3470,299,success,2024-05-03
1222,3025,299,success,2024-06-09
1223,1090,299,failed,2024-02-10
1224,3111,299,failed,2024-05-11
1225,4808,199,success,2024-04-06
1226,2206,299,failed,2024-04-01
1227,1152,299,failed,2024-03-09
1228,1369,299,failed,2024-06-18
1229,1438,299,failed,2024-06-17
1230,3588,199,success,2024-05-14
1231,700,299,failed,2024-04-24
1232,4955,199,failed,2024-01-24
1233,2009,199,failed,2024-02-13
1234,4859,299,failed,2024-03-08
1235,1412,299,failed,2024-05-19
1236,3550,299,success,2024-01-04
1237,3448,199,failed,2024-03-29
1238,4278,299,success,2024-01-03
1239,410,199,failed,2024-06-02
1240,2883,299,success,2024-02-28
1241,3540,199,success,2024-04-23
1242,770,299,success,2024-01-09
1243,23,299,failed,2024-06-22
1244,1423,199,success,2024-01-13
1245,1320,199,failed,2024-05-12
1246,1174,299,failed,2024-04-20
1247,4375,199,success,2024-05-02
1248,630,199,failed,2024-02-22
1249,1497,299,success,2024-05-03
1250,3843,299,success,2024-03-01
