user_id,plan_type,price,start_date,renewal_status
2048,199,199,2024-03-02,"renewed"
3352,299,299,2024-06-25,"churned"
3421,299,299,2024-02-28,"churned"
312,299,299,2024-02-20,"churned"
4677,299,299,2024-02-04,"renewed"
4881,299,299,2024-06-27,"renewed"
334,299,299,2024-04-25,"churned"
182,199,199,2024-01-31,"renewed"
4184,299,299,2024-02-09,"churned"
4185,299,299,2024-06-13,"renewed"
3123,299,299,2024-05-21,"renewed"
2403,199,199,2024-05-03,"renewed"
975,299,299,2024-01-28,"renewed"
3676,299,299,2024-01-12,"renewed"
363,299,299,2024-04-14,"renewed"
493,299,299,2024-03-10,"churned"
3954,199,199,2024-03-08,"renewed"
4834,299,299,2024-04-06,"churned"
4492,199,199,2024-02-25,"renewed"
2690,299,299,2024-01-05,"renewed"
758,299,299,2024-05-16,"renewed"
4091,299,299,2024-03-02,"renewed"
1445,299,299,2024-04-12,"churned"
2848,299,299,2024-03-22,"churned"
462,299,299,2024-05-03,"churned"
392,199,199,2024-02-03,"renewed"
1914,299,299,2024-06-16,"churned"
3389,299,299,2024-04-10,"renewed"
1013,299,299,2024-04-10,"churned"
1510,199,199,2024-05-03,"renewed"
4922,299,299,2024-04-27,"renewed"
459,299,299,2024-02-08,"renewed"
1600,199,199,2024-04-17,"renewed"
1219,199,199,2024-01-13,"renewed"
3005,199,199,2024-05-11,"renewed"
3852,199,199,2024-01-09,"renewed"
4532,299,299,2024-05-13,"churned"
1942,199,199,2024-02-02,"renewed"
465,299,299,2024-02-17,"renewed"
370,199,199,2024-03-21,"churned"
1843,299,299,2024-06-13,"renewed"
2974,199,199,2024-05-29,"churned"
2909,299,299,2024-06-26,"renewed"
3323,199,199,2024-01-19,"churned"
2174,199,199,2024-01-28,"renewed"
1206,199,199,2024-04-28,"churned"
1020,299,299,2024-04-26,"churned"
3534,299,299,2024-04-16,"renewed"
730,299,299,2024-06-01,"renewed"
17,299,299,2024-04-17,"churned"
3296,199,199,2024-03-12,"churned"
2250,199,199,2024-04-18,"renewed"
2694,299,299,2024-06-08,"churned"
4320,299,299,2024-06-23,"churned"
3541,199,199,2024-03-15,"renewed"
1970,299,299,2024-06-14,"churned"
93,299,299,2024-05-25,"renewed"
1766,199,199,2024-01-27,"renewed"
1851,299,299,2024-04-11,"churned"
4066,299,299,2024-02-06,"renewed"
2435,199,199,2024-02-11,"renewed"
4213,299,299,2024-02-05,"renewed"
1614,199,199,2024-04-14,"renewed"
585,299,299,2024-06-10,"renewed"
1980,299,299,2024-05-22,"churned"
559,199,199,2024-03-01,"renewed"
4928,199,199,2024-03-17,"churned"
3483,299,299,2024-06-03,"renewed"
4403,299,299,2024-05-26,"renewed"
197,299,299,2024-04-09,"churned"
3797,199,199,2024-03-17,"renewed"
251,299,299,2024-05-14,"renewed"
1755,199,199,2024-01-01,"renewed"
531,199,199,2024-05-28,"renewed"
2014,199,199,2024-01-16,"churned"
2038,299,299,2024-06-25,"renewed"
1597,199,199,2024-06-05,"renewed"
2397,199,199,2024-03-23,"renewed"
2090,199,199,2024-03-31,"renewed"
3217,299,299,2024-06-23,"churned"
1214,299,299,2024-05-08,"renewed"
4305,299,299,2024-03-31,"renewed"
4540,299,299,2024-05-21,"renewed"
1422,199,199,2024-03-15,"renewed"
2945,299,299,2024-03-27,"churned"
224,299,299,2024-02-16,"churned"
1948,299,299,2024-03-24,"renewed"
4020,299,299,2024-04-26,"churned"
2622,299,299,2024-01-26,"renewed"
1063,199,199,2024-01-18,"renewed"
1045,299,299,2024-06-12,"renewed"
407,199,199,2024-03-23,"renewed"
3064,199,199,2024-03-02,"churned"
4190,299,299,2024-05-17,"churned"
4726,299,299,2024-02-18,"churned"
2925,199,199,2024-04-16,"churned"
2717,199,199,2024-02-12,"churned"
1578,199,199,2024-03-15,"churned"
163,199,199,2024-02-20,"churned"
1225,299,299,2024-05-29,"renewed"
953,299,299,2024-02-12,"churned"
4783,299,299,2024-01-08,"renewed"
4843,299,299,2024-05-05,"renewed"
1147,199,199,2024-01-03,"churned"
2453,299,299,2024-06-17,"churned"
3542,299,299,2024-02-22,"churned"
1544,299,299,2024-06-16,"renewed"
1994,199,199,2024-05-25,"renewed"
683,299,299,2024-02-19,"renewed"
1575,199,199,2024-01-11,"renewed"
2367,299,299,2024-05-29,"churned"
1393,199,199,2024-04-14,"churned"
2150,199,199,2024-03-03,"renewed"
3701,299,299,2024-04-24,"churned"
1162,199,199,2024-05-15,"churned"
3241,299,299,2024-03-23,"churned"
1998,199,199,2024-03-13,"churned"
3055,199,199,2024-03-09,"churned"
2897,299,299,2024-03-12,"renewed"
4874,199,199,2024-04-22,"renewed"
4240,199,199,2024-01-15,"churned"
4985,199,199,2024-05-22,"renewed"
267,199,199,2024-04-14,"churned"
2442,199,199,2024-01-07,"renewed"
3319,299,299,2024-04-19,"renewed"
605,199,199,2024-06-02,"renewed"
896,299,299,2024-03-05,"renewed"
2541,199,199,2024-06-27,"churned"
3718,299,299,2024-03-30,"churned"
1763,199,199,2024-06-02,"churned"
1370,199,199,2024-05-05,"renewed"
892,199,199,2024-04-01,"renewed"
2898,199,199,2024-01-09,"churned"
1964,199,199,2024-06-02,"churned"
41,299,299,2024-04-24,"renewed"
1941,299,299,2024-01-05,"churned"
4774,299,299,2024-04-19,"churned"
232,199,199,2024-01-18,"renewed"
4980,199,199,2024-02-22,"churned"
4884,299,299,2024-05-30,"churned"
3260,299,299,2024-03-01,"renewed"
3399,199,199,2024-03-31,"renewed"
1156,299,299,2024-06-10,"churned"
2524,199,199,2024-03-18,"churned"
4895,299,299,2024-06-23,"renewed"
1390,299,299,2024-01-27,"renewed"
3799,199,199,2024-05-09,"renewed"
1828,299,299,2024-01-09,"churned"
1479,299,299,2024-02-23,"renewed"
512,199,199,2024-05-12,"renewed"
2891,299,299,2024-01-03,"renewed"
4545,199,199,2024-03-30,"renewed"
1880,199,199,2024-05-21,"churned"
2811,199,199,2024-01-09,"renewed"
1238,299,299,2024-06-25,"renewed"
1347,299,299,2024-02-27,"churned"
333,199,199,2024-04-19,"renewed"
972,299,299,2024-03-18,"churned"
4887,299,299,2024-05-17,"churned"
3356,299,299,2024-05-04,"churned"
783,299,299,2024-05-14,"renewed"
652,299,299,2024-05-20,"churned"
342,299,299,2024-02-04,"renewed"
2529,199,199,2024-04-04,"churned"
622,299,299,2024-02-07,"renewed"
1246,199,199,2024-06-13,"churned"
1120,299,299,2024-03-10,"churned"
4866,299,299,2024-01-08,"churned"
2220,299,299,2024-03-09,"churned"
4158,199,199,2024-03-14,"churned"
3858,199,199,2024-01-23,"renewed"
542,199,199,2024-05-08,"churned"
478,299,299,2024-01-13,"churned"
3977,199,199,2024-04-10,"renewed"
4690,199,199,2024-06-02,"renewed"
2369,299,299,2024-03-23,"renewed"
2388,199,199,2024-03-30,"churned"
2440,199,199,2024-04-21,"renewed"
3868,299,299,2024-02-19,"churned"
771,299,299,2024-06-27,"churned"
2821,299,299,2024-04-30,"renewed"
315,299,299,2024-02-26,"churned"
4315,199,199,2024-02-10,"churned"
1073,199,199,2024-03-16,"renewed"
4627,299,299,2024-02-04,"churned"
4643,299,299,2024-03-17,"renewed"
4863,199,199,2024-02-02,"churned"
4432,199,199,2024-01-04,"renewed"
4983,299,299,2024-04-29,"churned"
408,299,299,2024-01-02,"renewed"
576,299,299,2024-01-08,"churned"
4830,199,199,2024-03-20,"churned"
4789,299,299,2024-01-22,"renewed"
2700,299,299,2024-03-13,"churned"
2189,199,199,2024-05-02,"churned"
4785,199,199,2024-05-04,"renewed"
1125,199,199,2024-01-30,"renewed"
543,199,199,2024-03-15,"churned"
3170,199,199,2024-06-19,"churned"
1087,199,199,2024-01-15,"churned"
1269,299,299,2024-03-11,"churned"
3911,299,299,2024-03-01,"churned"
1454,299,299,2024-03-07,"renewed"
256,299,299,2024-05-30,"renewed"
1900,199,199,2024-01-27,"churned"
4406,199,199,2024-04-03,"renewed"
3447,199,199,2024-06-24,"churned"
966,199,199,2024-01-16,"churned"
469,199,199,2024-05-21,"renewed"
116,199,199,2024-06-28,"renewed"
1078,199,199,2024-03-26,"churned"
911,299,299,2024-04-23,"renewed"
4430,299,299,2024-05-27,"renewed"
3079,199,199,2024-01-10,"renewed"
4092,299,299,2024-02-27,"renewed"
1344,199,199,2024-01-29,"churned"
3225,199,199,2024-05-11,"renewed"
2652,299,299,2024-05-12,"churned"
2893,299,299,2024-02-07,"renewed"
52,199,199,2024-03-08,"renewed"
92,199,199,2024-04-27,"renewed"
4127,299,299,2024-01-12,"renewed"
319,299,299,2024-02-21,"churned"
3333,199,199,2024-04-04,"renewed"
3147,199,199,2024-03-15,"churned"
213,199,199,2024-03-15,"renewed"
530,299,299,2024-03-11,"churned"
935,199,199,2024-04-29,"churned"
90,299,299,2024-03-06,"churned"
2332,299,299,2024-03-05,"churned"
3650,299,299,2024-03-29,"churned"
3888,299,299,2024-03-13,"churned"
1002,199,199,2024-02-15,"churned"
1672,299,299,2024-04-25,"churned"
872,199,199,2024-04-09,"renewed"
4605,199,199,2024-04-02,"churned"
1038,199,199,2024-01-10,"churned"
4059,299,299,2024-03-31,"renewed"
1561,299,299,2024-01-19,"renewed"
3407,199,199,2024-03-23,"churned"
1486,199,199,2024-04-26,"churned"
4268,199,199,2024-04-26,"churned"
1619,199,199,2024-01-20,"renewed"
4231,299,299,2024-06-05,"churned"
4892,299,299,2024-04-26,"renewed"
996,299,299,2024-01-22,"renewed"
876,199,199,2024-01-23,"churned"
1891,299,299,2024-06-16,"renewed"
4265,199,199,2024-04-28,"churned"
4480,199,199,2024-06-23,"renewed"
2632,299,299,2024-04-26,"renewed"
366,299,299,2024-03-26,"churned"
2432,199,199,2024-06-14,"renewed"
2247,199,199,2024-05-16,"renewed"
3095,199,199,2024-04-09,"churned"
4493,299,299,2024-06-26,"churned"
3322,199,199,2024-04-05,"renewed"
1885,299,299,2024-04-05,"churned"
1104,199,199,2024-05-05,"churned"
1323,199,199,2024-03-01,"churned"
4891,299,299,2024-05-30,"renewed"
1083,299,299,2024-01-26,"churned"
2058,199,199,2024-04-27,"renewed"
151,199,199,2024-01-03,"renewed"
3767,299,299,2024-06-12,"churned"
3503,199,199,2024-03-13,"churned"
2847,199,199,2024-05-02,"churned"
4048,299,299,2024-06-21,"renewed"
4927,299,299,2024-03-30,"renewed"
638,199,199,2024-02-15,"churned"
4598,199,199,2024-03-05,"churned"
199,199,199,2024-04-14,"renewed"
2151,299,299,2024-04-18,"renewed"
3245,299,299,2024-04-14,"churned"
1605,199,199,2024-06-11,"churned"
3342,299,299,2024-03-22,"churned"
4668,299,299,2024-05-23,"churned"
88,199,199,2024-02-16,"churned"
812,299,299,2024-04-24,"renewed"
1129,199,199,2024-04-02,"churned"
143,299,299,2024-01-21,"churned"
1654,199,199,2024-05-16,"renewed"
3424,199,199,2024-01-08,"churned"
1813,299,299,2024-03-14,"churned"
2321,199,199,2024-06-23,"renewed"
2359,199,199,2024-06-18,"renewed"
509,299,299,2024-04-18,"churned"
4115,299,299,2024-05-18,"churned"
515,299,299,2024-02-26,"churned"
4908,299,299,2024-04-04,"renewed"
1016,199,199,2024-05-06,"renewed"
1568,299,299,2024-06-16,"renewed"
1651,199,199,2024-06-10,"renewed"
708,299,299,2024-05-11,"renewed"
235,199,199,2024-06-26,"renewed"
3309,299,299,2024-02-17,"renewed"
4950,199,199,2024-05-14,"churned"
4934,299,299,2024-05-07,"churned"
1887,199,199,2024-06-18,"renewed"
4829,199,199,2024-04-11,"renewed"
4189,299,299,2024-02-19,"renewed"
4152,199,199,2024-05-01,"churned"
3454,199,199,2024-02-15,"renewed"
397,299,299,2024-03-28,"renewed"
2686,199,199,2024-02-11,"renewed"
2511,299,299,2024-04-01,"churned"
1841,199,199,2024-01-24,"churned"
211,299,299,2024-03-17,"churned"
4995,199,199,2024-05-17,"churned"
4708,199,199,2024-01-26,"renewed"
296,199,199,2024-05-05,"churned"
82,299,299,2024-04-28,"churned"
2358,199,199,2024-05-09,"renewed"
705,299,299,2024-04-01,"renewed"
1811,199,199,2024-03-31,"renewed"
887,199,199,2024-02-20,"renewed"
1618,199,199,2024-03-21,"renewed"
1830,199,199,2024-03-19,"churned"
2219,299,299,2024-06-22,"renewed"
2985,199,199,2024-01-03,"renewed"
2564,299,299,2024-03-14,"renewed"
1703,199,199,2024-04-02,"churned"
4994,199,199,2024-03-11,"churned"
1406,299,299,2024-02-19,"renewed"
3765,199,199,2024-02-05,"renewed"
1901,199,199,2024-06-28,"churned"
4110,299,299,2024-02-13,"renewed"
2968,199,199,2024-03-26,"renewed"
804,199,199,2024-01-14,"churned"
4098,299,299,2024-06-25,"renewed"
1133,299,299,2024-03-23,"renewed"
4396,299,299,2024-06-03,"renewed"
3430,199,199,2024-01-02,"renewed"
3816,299,299,2024-03-17,"churned"
822,199,199,2024-02-16,"renewed"
1430,199,199,2024-05-17,"renewed"
1126,199,199,2024-02-09,"renewed"
3764,199,199,2024-01-05,"churned"
3058,299,299,2024-01-14,"renewed"
1733,199,199,2024-03-29,"renewed"
646,199,199,2024-03-16,"churned"
284,199,199,2024-04-20,"churned"
3964,199,199,2024-05-30,"renewed"
2434,199,199,2024-03-19,"churned"
4121,299,299,2024-03-17,"churned"
4537,299,299,2024-06-14,"churned"
684,299,299,2024-05-21,"churned"
3200,299,299,2024-05-26,"churned"
1399,299,299,2024-05-16,"renewed"
3494,199,199,2024-04-01,"churned"
4770,299,299,2024-02-02,"renewed"
3737,199,199,2024-02-02,"renewed"
843,199,199,2024-06-21,"churned"
826,299,299,2024-02-08,"churned"
2100,199,199,2024-02-02,"renewed"
1054,299,299,2024-01-04,"renewed"
4699,299,299,2024-03-22,"churned"
2452,299,299,2024-01-26,"renewed"
1821,199,199,2024-01-25,"churned"
2903,199,199,2024-04-12,"churned"
3805,299,299,2024-06-09,"churned"
4041,199,199,2024-05-25,"renewed"
3254,199,199,2024-04-29,"renewed"
3313,299,299,2024-06-05,"renewed"
2375,299,299,2024-05-15,"renewed"
4343,199,199,2024-06-25,"churned"
3438,199,199,2024-03-06,"churned"
3768,199,199,2024-03-19,"churned"
294,199,199,2024-04-03,"renewed"
2855,199,199,2024-02-16,"renewed"
3513,199,199,2024-04-30,"churned"
4520,199,199,2024-06-15,"churned"
4012,299,299,2024-04-14,"churned"
2789,199,199,2024-05-19,"churned"
48,199,199,2024-02-05,"churned"
2823,199,199,2024-01-14,"churned"
968,299,299,2024-02-20,"churned"
473,199,199,2024-03-18,"renewed"
63,299,299,2024-05-07,"renewed"
1698,299,299,2024-06-04,"churned"
1806,299,299,2024-02-12,"renewed"
3597,299,299,2024-05-27,"renewed"
2463,199,199,2024-05-20,"churned"
97,299,299,2024-06-22,"churned"
2600,199,199,2024-06-21,"churned"
2809,199,199,2024-03-21,"churned"
4933,199,199,2024-01-30,"renewed"
3563,299,299,2024-06-24,"churned"
1799,199,199,2024-04-13,"renewed"
4494,199,199,2024-05-24,"renewed"
2537,199,199,2024-02-13,"renewed"
1028,199,199,2024-05-03,"churned"
1537,299,299,2024-03-23,"renewed"
1137,199,199,2024-03-13,"renewed"
2089,299,299,2024-06-19,"churned"
3493,199,199,2024-03-04,"renewed"
3938,299,299,2024-05-03,"renewed"
1606,199,199,2024-05-08,"churned"
1004,299,299,2024-02-18,"renewed"
289,299,299,2024-01-19,"renewed"
1501,199,199,2024-04-18,"churned"
1546,299,299,2024-01-12,"renewed"
4350,199,199,2024-04-28,"churned"
3692,299,299,2024-01-28,"churned"
1436,199,199,2024-04-18,"renewed"
2509,199,199,2024-06-07,"renewed"
3288,199,199,2024-02-29,"renewed"
3289,199,199,2024-04-16,"churned"
977,199,199,2024-02-22,"churned"
2548,299,299,2024-01-11,"renewed"
4412,299,299,2024-05-19,"renewed"
2981,299,299,2024-02-27,"churned"
1030,199,199,2024-04-27,"renewed"
4223,299,299,2024-02-16,"churned"
4376,299,299,2024-04-02,"churned"
2107,199,199,2024-03-03,"churned"
2835,299,299,2024-05-16,"churned"
1961,299,299,2024-01-14,"churned"
1584,199,199,2024-05-07,"churned"
3103,299,299,2024-01-07,"churned"
305,299,299,2024-05-13,"churned"
609,199,199,2024-06-11,"churned"
1613,199,199,2024-06-04,"churned"
3899,199,199,2024-01-23,"renewed"
4391,299,299,2024-05-17,"churned"
46,299,299,2024-03-21,"renewed"
4914,199,199,2024-02-23,"churned"
1936,299,299,2024-03-02,"renewed"
964,199,199,2024-01-15,"renewed"
4992,299,299,2024-05-21,"renewed"
1595,199,199,2024-01-11,"churned"
4718,199,199,2024-02-24,"churned"
897,299,299,2024-04-02,"renewed"
2648,299,299,2024-05-25,"renewed"
1278,299,299,2024-01-26,"churned"
2815,199,199,2024-02-16,"renewed"
84,199,199,2024-06-16,"churned"
2728,299,299,2024-06-19,"churned"
45,299,299,2024-01-03,"churned"
2755,199,199,2024-01-19,"churned"
4793,199,199,2024-05-18,"renewed"
3487,299,299,2024-04-01,"churned"
832,199,199,2024-05-07,"churned"
3291,299,299,2024-04-24,"renewed"
1484,299,299,2024-03-22,"renewed"
4425,199,199,2024-05-21,"churned"
1971,199,199,2024-03-17,"churned"
3360,299,299,2024-03-23,"renewed"
2144,299,299,2024-02-13,"churned"
4056,299,299,2024-06-27,"renewed"
1453,199,199,2024-02-01,"churned"
754,199,199,2024-02-12,"churned"
4415,199,199,2024-06-09,"renewed"
4342,199,199,2024-01-06,"churned"
3414,199,199,2024-06-06,"renewed"
3351,299,299,2024-03-14,"renewed"
354,199,199,2024-06-06,"churned"
1934,199,199,2024-03-13,"churned"
1664,299,299,2024-05-13,"renewed"
1633,199,199,2024-05-07,"renewed"
1279,299,299,2024-03-10,"churned"
4411,299,299,2024-05-09,"renewed"
2003,299,299,2024-01-02,"churned"
1392,299,299,2024-01-10,"churned"
3730,299,299,2024-03-01,"renewed"
3920,299,299,2024-01-01,"renewed"
3221,299,299,2024-02-03,"renewed"
974,299,299,2024-02-05,"churned"
1574,299,299,2024-06-16,"churned"
3362,199,199,2024-04-24,"renewed"
3714,299,299,2024-05-27,"churned"
4081,299,299,2024-02-25,"churned"
3094,199,199,2024-01-17,"churned"
1607,299,299,2024-02-29,"churned"
269,299,299,2024-06-15,"churned"
1385,199,199,2024-05-12,"renewed"
129,199,199,2024-03-05,"churned"
4114,299,299,2024-01-18,"renewed"
2272,299,299,2024-03-09,"churned"
3242,299,299,2024-03-02,"churned"
3745,199,199,2024-03-29,"churned"
3593,299,299,2024-03-11,"churned"
868,199,199,2024-05-21,"renewed"
2482,299,299,2024-05-14,"renewed"
2785,299,299,2024-04-03,"renewed"
2576,199,199,2024-05-24,"renewed"
3397,299,299,2024-05-20,"churned"
950,299,299,2024-05-31,"renewed"
3921,199,199,2024-03-03,"renewed"
1768,299,299,2024-05-19,"renewed"
2722,199,199,2024-05-25,"renewed"
610,199,199,2024-05-30,"churned"
3330,299,299,2024-05-29,"renewed"
2518,199,199,2024-01-25,"renewed"
2577,199,199,2024-02-13,"renewed"
1919,299,299,2024-01-25,"renewed"
4252,299,299,2024-04-09,"churned"
3684,299,299,2024-05-28,"churned"
2259,299,299,2024-04-21,"churned"
731,299,299,2024-01-29,"renewed"
120,299,299,2024-02-29,"churned"
1360,299,299,2024-05-15,"churned"
1777,299,299,2024-04-22,"churned"
3679,299,299,2024-04-27,"renewed"
3087,199,199,2024-01-05,"renewed"
741,299,299,2024-06-28,"renewed"
3152,299,299,2024-05-30,"churned"
3375,199,199,2024-05-09,"churned"
4772,199,199,2024-03-25,"churned"
4232,199,199,2024-04-17,"churned"
3914,299,299,2024-05-03,"churned"
4465,299,299,2024-06-25,"churned"
2123,199,199,2024-06-16,"renewed"
1154,199,199,2024-01-31,"churned"
1760,299,299,2024-03-29,"renewed"
1307,199,199,2024-05-14,"churned"
4818,299,299,2024-01-25,"churned"
308,299,299,2024-04-05,"renewed"
3083,199,199,2024-05-01,"churned"
856,299,299,2024-03-01,"renewed"
505,299,299,2024-03-12,"renewed"
3753,299,299,2024-01-14,"renewed"
1608,199,199,2024-04-21,"renewed"
2056,299,299,2024-05-13,"churned"
3818,299,299,2024-04-28,"churned"
2165,199,199,2024-01-23,"renewed"
2264,199,199,2024-03-19,"renewed"
3596,299,299,2024-06-12,"renewed"
1220,199,199,2024-06-21,"renewed"
3990,199,199,2024-06-20,"churned"
425,299,299,2024-05-16,"renewed"
3940,299,299,2024-05-07,"churned"
3997,299,299,2024-01-12,"renewed"
3238,299,299,2024-03-05,"renewed"
4897,199,199,2024-01-21,"renewed"
3889,199,199,2024-01-21,"churned"
2484,299,299,2024-03-31,"churned"
3574,199,199,2024-01-02,"renewed"
3049,199,199,2024-05-15,"renewed"
709,199,199,2024-05-19,"churned"
4977,199,199,2024-05-29,"renewed"
4797,199,199,2024-06-25,"renewed"
2073,299,299,2024-01-09,"renewed"
1135,199,199,2024-06-20,"churned"
4495,199,199,2024-06-14,"renewed"
4496,299,299,2024-04-02,"churned"
2407,199,199,2024-01-03,"renewed"
1860,199,199,2024-03-26,"churned"
4541,199,199,2024-03-08,"renewed"
3357,299,299,2024-05-07,"churned"
1286,299,299,2024-05-09,"churned"
3998,299,299,2024-05-10,"renewed"
2539,299,299,2024-05-22,"churned"
3996,199,199,2024-02-19,"churned"
2197,299,299,2024-06-02,"churned"
4855,299,299,2024-05-15,"churned"
2140,299,299,2024-04-13,"renewed"
916,199,199,2024-01-05,"churned"
2200,299,299,2024-06-22,"renewed"
1085,299,299,2024-02-08,"churned"
3109,299,299,2024-04-19,"churned"
2703,199,199,2024-02-01,"churned"
4047,199,199,2024-04-04,"churned"
3039,199,199,2024-02-29,"renewed"
4174,299,299,2024-05-05,"churned"
1408,199,199,2024-01-17,"renewed"
2731,199,199,2024-05-07,"renewed"
3267,299,299,2024-05-30,"churned"
3883,299,299,2024-06-20,"renewed"
1884,199,199,2024-03-19,"churned"
3827,299,299,2024-02-14,"churned"
3420,299,299,2024-04-01,"renewed"
736,199,199,2024-06-24,"churned"
3699,199,199,2024-01-15,"churned"
68,299,299,2024-06-14,"churned"
3653,299,299,2024-05-15,"churned"
3213,199,199,2024-06-22,"renewed"
2556,199,199,2024-03-19,"renewed"
4467,299,299,2024-06-15,"renewed"
1022,199,199,2024-06-27,"churned"
2744,299,299,2024-06-10,"churned"
3555,199,199,2024-02-05,"renewed"
4700,199,199,2024-01-20,"renewed"
291,199,199,2024-04-17,"renewed"
4835,299,299,2024-01-13,"renewed"
1088,299,299,2024-02-13,"renewed"
3295,199,199,2024-02-14,"churned"
4191,199,199,2024-02-16,"renewed"
2242,199,199,2024-01-21,"renewed"
453,199,199,2024-04-20,"renewed"
141,199,199,2024-05-30,"churned"
862,299,299,2024-02-15,"churned"
2006,199,199,2024-01-03,"renewed"
1726,199,199,2024-04-02,"renewed"
510,199,199,2024-06-16,"churned"
4417,299,299,2024-03-28,"churned"
4054,199,199,2024-03-29,"churned"
4569,199,199,2024-06-26,"churned"
2709,299,299,2024-05-27,"renewed"
1411,199,199,2024-02-08,"churned"
913,199,199,2024-05-29,"churned"
1707,199,199,2024-05-04,"renewed"
4362,199,199,2024-02-15,"churned"
1192,299,299,2024-03-23,"renewed"
3558,199,199,2024-02-01,"renewed"
2335,299,299,2024-04-26,"renewed"
2343,199,199,2024-01-26,"renewed"
158,199,199,2024-02-13,"renewed"
1915,299,299,2024-01-08,"renewed"
3312,199,199,2024-03-01,"churned"
2680,199,199,2024-01-11,"churned"
59,299,299,2024-01-16,"churned"
3629,299,299,2024-04-14,"churned"
2769,199,199,2024-01-10,"renewed"
3061,299,299,2024-02-28,"churned"
3314,299,299,2024-02-22,"renewed"
3871,299,299,2024-02-10,"renewed"
1847,199,199,2024-01-05,"renewed"
3118,199,199,2024-01-03,"churned"
2416,199,199,2024-04-14,"renewed"
482,199,199,2024-03-12,"renewed"
1892,199,199,2024-01-28,"churned"
1372,199,199,2024-05-31,"churned"
3387,299,299,2024-06-14,"churned"
2394,199,199,2024-03-06,"churned"
3669,299,299,2024-03-02,"churned"
349,199,199,2024-01-06,"renewed"
2858,199,199,2024-01-19,"churned"
2108,199,199,2024-05-25,"churned"
3040,299,299,2024-03-02,"renewed"
1354,199,199,2024-02-07,"renewed"
4775,299,299,2024-02-08,"churned"
1530,199,199,2024-01-20,"renewed"
209,299,299,2024-02-25,"renewed"
2346,199,199,2024-05-02,"renewed"
511,299,299,2024-05-09,"renewed"
2581,299,299,2024-05-23,"churned"
2975,199,199,2024-04-08,"churned"
2271,299,299,2024-05-14,"renewed"
108,299,299,2024-06-06,"churned"
1349,299,299,2024-02-04,"churned"
1779,299,299,2024-02-08,"renewed"
3644,199,199,2024-06-19,"renewed"
1340,299,299,2024-05-23,"churned"
643,299,299,2024-05-23,"churned"
4207,199,199,2024-05-31,"renewed"
4967,199,199,2024-05-21,"churned"
446,199,199,2024-01-16,"churned"
174,299,299,2024-02-01,"churned"
2913,299,299,2024-06-28,"renewed"
4310,199,199,2024-03-11,"churned"
720,199,199,2024-03-29,"churned"
1071,199,199,2024-03-27,"renewed"
1708,299,299,2024-01-02,"renewed"
4033,299,299,2024-04-10,"renewed"
697,299,299,2024-06-08,"churned"
1741,299,299,2024-02-12,"churned"
31,199,199,2024-01-18,"churned"
3970,299,299,2024-06-18,"renewed"
2168,299,299,2024-05-04,"renewed"
4749,199,199,2024-04-19,"renewed"
351,199,199,2024-03-27,"renewed"
4876,199,199,2024-01-09,"churned"
3328,299,299,2024-05-16,"renewed"
4810,199,199,2024-03-25,"churned"
3729,299,299,2024-05-24,"churned"
1615,199,199,2024-01-05,"churned"
4903,299,299,2024-05-21,"renewed"
3336,199,199,2024-05-31,"renewed"
3207,199,199,2024-04-24,"churned"
488,199,199,2024-06-07,"churned"
4680,299,299,2024-03-25,"renewed"
3461,299,299,2024-06-02,"churned"
442,199,199,2024-01-17,"renewed"
2130,299,299,2024-01-04,"renewed"
2547,199,199,2024-05-14,"churned"
2031,299,299,2024-05-10,"renewed"
3,299,299,2024-06-17,"churned"
359,199,199,2024-05-28,"renewed"
71,299,299,2024-02-29,"churned"
4814,299,299,2024-03-18,"renewed"
4988,199,199,2024-02-13,"churned"
2810,199,199,2024-06-14,"churned"
1106,299,299,2024-01-23,"churned"
4053,199,199,2024-04-19,"churned"
2727,199,199,2024-05-28,"renewed"
3413,199,199,2024-05-10,"renewed"
3100,299,299,2024-02-17,"churned"
118,199,199,2024-01-11,"renewed"
1999,199,199,2024-05-20,"churned"
4948,299,299,2024-05-16,"renewed"
729,199,199,2024-06-27,"renewed"
4579,199,199,2024-03-28,"renewed"
3278,299,299,2024-01-23,"churned"
1640,199,199,2024-02-03,"churned"
3381,199,199,2024-06-02,"churned"
3134,299,299,2024-03-01,"churned"
563,199,199,2024-04-02,"renewed"
4353,299,299,2024-01-12,"renewed"
2232,199,199,2024-01-05,"renewed"
1215,299,299,2024-02-29,"churned"
2273,299,299,2024-02-20,"churned"
145,299,299,2024-02-21,"renewed"
2036,199,199,2024-02-24,"churned"
2557,299,299,2024-03-11,"churned"
706,199,199,2024-04-08,"renewed"
661,199,199,2024-03-11,"churned"
185,199,199,2024-02-16,"renewed"
3132,299,299,2024-04-05,"renewed"
4085,199,199,2024-05-06,"renewed"
805,199,199,2024-06-04,"churned"
3133,299,299,2024-06-19,"renewed"
960,199,199,2024-02-26,"churned"
4765,199,199,2024-03-13,"churned"
548,299,299,2024-06-11,"renewed"
2437,299,299,2024-05-25,"churned"
1091,299,299,2024-03-23,"renewed"
1913,299,299,2024-04-06,"churned"
1683,299,299,2024-02-18,"renewed"
3218,199,199,2024-01-04,"churned"
1718,199,199,2024-01-28,"churned"
1756,299,299,2024-03-04,"renewed"
4348,299,299,2024-01-07,"renewed"
132,299,299,2024-03-12,"renewed"
3067,299,299,2024-04-08,"renewed"
4595,299,299,2024-05-19,"renewed"
4825,299,299,2024-03-23,"churned"
3982,199,199,2024-06-18,"renewed"
1155,299,299,2024-06-14,"churned"
2496,199,199,2024-01-18,"churned"
2457,199,199,2024-01-28,"renewed"
4697,199,199,2024-02-07,"churned"
787,199,199,2024-04-05,"churned"
1709,299,299,2024-02-28,"churned"
4234,199,199,2024-04-03,"churned"
4328,299,299,2024-06-08,"churned"
1041,299,299,2024-03-26,"churned"
2936,199,199,2024-02-19,"churned"
602,199,199,2024-05-02,"churned"
3757,199,199,2024-05-10,"renewed"
1772,299,299,2024-01-19,"renewed"
4503,199,199,2024-01-18,"renewed"
4522,299,299,2024-06-06,"renewed"
4005,299,299,2024-02-21,"renewed"
2293,199,199,2024-03-12,"renewed"
3655,299,299,2024-06-05,"churned"
2749,299,299,2024-05-24,"renewed"
4612,199,199,2024-05-26,"churned"
2384,299,299,2024-01-14,"churned"
3759,199,199,2024-01-16,"churned"
3904,199,199,2024-03-19,"churned"
520,199,199,2024-04-09,"churned"
2745,299,299,2024-01-18,"renewed"
1558,199,199,2024-04-10,"renewed"
1727,299,299,2024-02-09,"churned"
1689,199,199,2024-01-13,"churned"
1560,299,299,2024-03-13,"churned"
1144,299,299,2024-04-29,"churned"
4157,199,199,2024-03-04,"renewed"
997,299,299,2024-06-25,"renewed"
3660,299,299,2024-04-27,"renewed"
167,299,299,2024-03-11,"renewed"
2911,199,199,2024-04-06,"renewed"
4330,199,199,2024-05-31,"renewed"
3365,299,299,2024-01-27,"renewed"
1685,199,199,2024-02-12,"renewed"
3579,199,199,2024-05-17,"churned"
571,199,199,2024-01-13,"renewed"
1676,199,199,2024-04-25,"churned"
3385,199,199,2024-01-22,"churned"
1277,299,299,2024-02-23,"churned"
4151,299,299,2024-05-13,"churned"
157,199,199,2024-02-19,"renewed"
4027,299,299,2024-05-28,"renewed"
4464,199,199,2024-02-13,"churned"
1398,199,199,2024-01-07,"renewed"
1134,199,199,2024-02-04,"churned"
707,299,299,2024-04-03,"renewed"
104,199,199,2024-03-15,"churned"
3806,299,299,2024-03-04,"renewed"
3840,299,299,2024-01-30,"renewed"
314,299,299,2024-02-27,"churned"
456,299,299,2024-05-28,"renewed"
3971,199,199,2024-02-10,"renewed"
3619,299,299,2024-04-19,"renewed"
3366,199,199,2024-05-18,"churned"
2377,199,199,2024-03-10,"churned"
3833,199,199,2024-02-16,"churned"
2047,199,199,2024-06-01,"churned"
75,299,299,2024-02-01,"churned"
3536,299,299,2024-06-03,"renewed"
1731,299,299,2024-06-22,"renewed"
1079,199,199,2024-01-12,"churned"
3988,299,299,2024-01-13,"churned"
4827,299,299,2024-01-12,"churned"
877,299,299,2024-06-25,"churned"
3418,299,299,2024-04-24,"churned"
1886,299,299,2024-06-11,"churned"
3179,299,299,2024-01-18,"renewed"
58,299,299,2024-06-19,"renewed"
1402,299,299,2024-02-17,"churned"
208,299,299,2024-04-11,"churned"
1817,299,299,2024-06-02,"churned"
1188,199,199,2024-04-14,"churned"
1333,199,199,2024-06-27,"churned"
841,299,299,2024-04-08,"churned"
3796,299,299,2024-05-16,"churned"
1345,199,199,2024-06-08,"renewed"
374,199,199,2024-03-09,"renewed"
992,199,199,2024-02-26,"churned"
871,199,199,2024-04-05,"renewed"
869,199,199,2024-06-07,"renewed"
2520,299,299,2024-02-22,"renewed"
1717,199,199,2024-02-25,"renewed"
1437,199,199,2024-04-04,"renewed"
995,299,299,2024-02-13,"renewed"
2990,199,199,2024-03-02,"renewed"
3084,199,199,2024-02-29,"churned"
2164,299,299,2024-06-15,"churned"
4663,199,199,2024-01-07,"churned"
1896,299,299,2024-06-28,"renewed"
4734,199,199,2024-04-04,"churned"
1712,299,299,2024-02-14,"churned"
1695,199,199,2024-05-12,"churned"
5000,199,199,2024-02-01,"renewed"
1485,199,199,2024-03-18,"renewed"
4879,299,299,2024-06-17,"renewed"
3946,299,299,2024-05-21,"renewed"
4576,199,199,2024-05-15,"renewed"
458,199,199,2024-03-24,"churned"
3696,199,199,2024-06-17,"renewed"
3177,199,199,2024-04-12,"churned"
1362,299,299,2024-01-10,"churned"
4312,199,199,2024-01-08,"churned"
1173,199,199,2024-02-21,"renewed"
2148,299,299,2024-04-11,"renewed"
2222,299,299,2024-06-28,"churned"
431,299,299,2024-02-06,"renewed"
2204,199,199,2024-02-05,"renewed"
4100,199,199,2024-05-28,"renewed"
535,299,299,2024-06-20,"renewed"
3603,199,199,2024-06-23,"churned"
2951,199,199,2024-03-06,"renewed"
3324,299,299,2024-04-03,"renewed"
2870,199,199,2024-05-26,"churned"
1026,199,199,2024-03-19,"churned"
3136,199,199,2024-05-31,"renewed"
4170,299,299,2024-04-15,"churned"
2184,299,299,2024-03-28,"churned"
2819,299,299,2024-06-27,"churned"
432,299,299,2024-01-01,"churned"
1474,299,299,2024-04-16,"churned"
262,299,299,2024-01-18,"renewed"
4978,299,299,2024-04-24,"churned"
660,199,199,2024-06-27,"renewed"
688,199,199,2024-02-08,"renewed"
1483,199,199,2024-01-11,"churned"
1622,199,199,2024-06-04,"renewed"
4006,299,299,2024-05-18,"renewed"
4434,299,299,2024-04-05,"renewed"
3667,299,299,2024-06-10,"churned"
2149,299,299,2024-04-14,"churned"
43,299,299,2024-01-01,"churned"
3538,199,199,2024-05-22,"renewed"
921,299,299,2024-05-31,"churned"
1335,199,199,2024-06-16,"renewed"
3697,299,299,2024-03-10,"renewed"
2839,199,199,2024-03-07,"churned"
2013,199,199,2024-01-24,"renewed"
1938,199,199,2024-02-20,"renewed"
4519,199,199,2024-05-05,"churned"
2843,299,299,2024-03-12,"churned"
227,299,299,2024-02-13,"renewed"
128,299,299,2024-01-26,"churned"
51,199,199,2024-03-05,"churned"
3401,299,299,2024-01-01,"renewed"
1419,299,299,2024-05-03,"churned"
4667,299,299,2024-01-03,"churned"
4759,199,199,2024-04-15,"renewed"
391,199,199,2024-03-18,"renewed"
4355,299,299,2024-06-06,"churned"
1563,299,299,2024-04-12,"renewed"
2932,199,199,2024-02-02,"churned"
4022,199,199,2024-04-22,"renewed"
3358,299,299,2024-01-21,"renewed"
1455,299,299,2024-05-22,"churned"
650,199,199,2024-03-03,"renewed"
2471,299,299,2024-02-16,"renewed"
3016,199,199,2024-04-04,"renewed"
2180,199,199,2024-02-20,"churned"
1751,299,299,2024-02-02,"churned"
4383,199,199,2024-05-05,"renewed"
4637,199,199,2024-04-17,"churned"
2980,299,299,2024-04-25,"churned"
3782,299,299,2024-04-09,"churned"
4727,299,299,2024-05-16,"churned"
2467,199,199,2024-01-31,"renewed"
3014,199,199,2024-06-05,"churned"
2868,199,199,2024-03-17,"renewed"
2792,199,199,2024-05-17,"renewed"
470,299,299,2024-05-16,"churned"
861,199,199,2024-02-14,"renewed"
2992,199,199,2024-01-03,"churned"
889,199,199,2024-03-22,"renewed"
4621,299,299,2024-05-02,"renewed"
2862,199,199,2024-06-03,"renewed"
112,199,199,2024-06-08,"churned"
428,199,199,2024-01-08,"churned"
1330,299,299,2024-05-25,"churned"
4008,199,199,2024-06-02,"churned"
4208,199,199,2024-03-20,"renewed"
528,299,299,2024-02-29,"renewed"
3600,199,199,2024-05-02,"churned"
1086,299,299,2024-01-04,"renewed"
4622,299,299,2024-02-02,"renewed"
2642,299,299,2024-01-31,"churned"
1822,199,199,2024-06-09,"churned"
1018,299,299,2024-03-10,"churned"
2748,199,199,2024-05-22,"renewed"
2678,199,199,2024-06-15,"churned"
1701,299,299,2024-06-07,"churned"
4556,199,199,2024-03-13,"renewed"
2284,299,299,2024-05-03,"renewed"
3395,199,199,2024-02-01,"renewed"
2830,199,199,2024-03-04,"renewed"
2205,199,199,2024-06-14,"churned"
2136,199,199,2024-06-18,"churned"
4518,199,199,2024-02-22,"churned"
837,199,199,2024-05-19,"churned"
170,299,299,2024-06-11,"renewed"
3286,299,299,2024-03-19,"churned"
617,299,299,2024-02-21,"churned"
3546,199,199,2024-04-16,"churned"
4074,199,199,2024-04-01,"churned"
2302,299,299,2024-04-05,"churned"
1702,199,199,2024-04-24,"renewed"
4292,299,299,2024-04-14,"churned"
3981,299,299,2024-05-30,"churned"
65,299,299,2024-05-08,"renewed"
3795,299,299,2024-03-20,"renewed"
3462,299,299,2024-06-23,"churned"
3913,199,199,2024-01-20,"renewed"
1074,299,299,2024-01-17,"renewed"
2944,199,199,2024-01-25,"renewed"
1094,299,299,2024-03-08,"churned"
1996,299,299,2024-04-01,"renewed"
4229,299,299,2024-05-04,"churned"
907,199,199,2024-03-18,"churned"
4247,299,299,2024-01-22,"renewed"
3530,299,299,2024-01-15,"churned"
714,199,199,2024-03-09,"churned"
2946,199,199,2024-05-22,"renewed"
122,199,199,2024-04-25,"renewed"
3790,199,199,2024-03-03,"churned"
2895,299,299,2024-06-23,"churned"
1925,299,299,2024-06-10,"renewed"
3321,299,299,2024-04-02,"churned"
1663,199,199,2024-03-26,"renewed"
3961,199,199,2024-01-16,"churned"
3146,199,199,2024-03-11,"churned"
3862,199,199,2024-02-20,"churned"
1512,199,199,2024-01-07,"renewed"
1328,199,199,2024-04-23,"churned"
4625,299,299,2024-01-08,"churned"
1553,199,199,2024-01-01,"renewed"
3350,299,299,2024-06-08,"renewed"
637,199,199,2024-03-29,"renewed"
189,299,299,2024-05-03,"churned"
1404,199,199,2024-06-21,"churned"
4026,199,199,2024-05-15,"churned"
4920,199,199,2024-04-28,"renewed"
1012,199,199,2024-03-03,"renewed"
2374,299,299,2024-04-09,"churned"
26,199,199,2024-02-16,"churned"
2969,299,299,2024-02-06,"renewed"
3455,199,199,2024-05-07,"renewed"
1580,199,199,2024-03-03,"renewed"
547,199,199,2024-04-14,"churned"
2587,199,199,2024-02-28,"churned"
3176,199,199,2024-05-09,"churned"
1456,299,299,2024-04-05,"renewed"
4175,199,199,2024-02-01,"churned"
1117,199,199,2024-03-07,"churned"
888,299,299,2024-04-15,"churned"
1988,199,199,2024-04-23,"renewed"
1555,199,199,2024-04-01,"churned"
1234,199,199,2024-05-29,"renewed"
839,299,299,2024-05-08,"churned"
2594,199,199,2024-06-18,"churned"
2387,299,299,2024-05-15,"renewed"
3951,299,299,2024-01-17,"churned"
1773,299,299,2024-06-24,"renewed"
1222,199,199,2024-04-28,"churned"
4281,299,299,2024-05-23,"renewed"
3691,299,299,2024-03-28,"churned"
1977,299,299,2024-05-27,"churned"
4631,299,299,2024-06-06,"churned"
4907,199,199,2024-06-09,"renewed"
4055,199,199,2024-03-29,"renewed"
824,199,199,2024-06-22,"renewed"
4817,299,299,2024-04-19,"renewed"
3535,199,199,2024-06-12,"renewed"
922,299,299,2024-04-03,"renewed"
240,199,199,2024-02-09,"renewed"
2201,299,299,2024-01-27,"renewed"
4499,199,199,2024-06-21,"renewed"
4300,299,299,2024-03-14,"churned"
4242,199,199,2024-05-31,"churned"
347,299,299,2024-01-31,"churned"
678,199,199,2024-04-11,"churned"
2952,199,199,2024-01-19,"churned"
1473,299,299,2024-02-25,"churned"
3955,199,199,2024-03-05,"renewed"
3122,199,199,2024-05-09,"churned"
2796,199,199,2024-02-08,"renewed"
873,299,299,2024-05-19,"churned"
2735,299,299,2024-06-06,"churned"
4303,199,199,2024-06-16,"churned"
3748,299,299,2024-05-20,"churned"
1982,199,199,2024-03-29,"renewed"
917,199,199,2024-01-18,"renewed"
1275,299,299,2024-03-12,"churned"
3157,299,299,2024-04-05,"renewed"
1579,299,299,2024-01-12,"renewed"
4871,299,299,2024-04-28,"churned"
3089,299,299,2024-02-13,"renewed"
1572,199,199,2024-03-06,"renewed"
4401,299,299,2024-02-22,"churned"
2481,299,299,2024-02-29,"renewed"
3780,299,299,2024-06-27,"renewed"
1771,199,199,2024-03-29,"churned"
4944,299,299,2024-05-08,"churned"
1960,299,299,2024-04-14,"renewed"
3125,199,199,2024-03-31,"renewed"
1383,199,199,2024-05-28,"renewed"
1850,299,299,2024-02-24,"churned"
2137,199,199,2024-05-10,"churned"
2466,199,199,2024-03-03,"renewed"
1681,299,299,2024-04-14,"churned"
2803,299,299,2024-03-03,"churned"
1341,199,199,2024-01-29,"churned"
1373,199,199,2024-01-17,"renewed"
4359,199,199,2024-04-22,"renewed"
3824,299,299,2024-05-11,"churned"
4457,199,199,2024-03-02,"renewed"
1251,299,299,2024-04-19,"renewed"
2365,299,299,2024-04-21,"churned"
4949,199,199,2024-03-13,"churned"
1787,299,299,2024-03-06,"churned"
2986,199,199,2024-01-05,"renewed"
413,299,299,2024-05-25,"renewed"
981,299,299,2024-06-19,"renewed"
1081,299,299,2024-06-17,"churned"
2352,299,299,2024-05-16,"renewed"
4607,299,299,2024-04-17,"churned"
1163,199,199,2024-01-21,"renewed"
1762,299,299,2024-02-08,"churned"
343,199,199,2024-04-29,"churned"
400,299,299,2024-06-22,"renewed"
4409,299,299,2024-03-28,"churned"
2114,299,299,2024-05-23,"churned"
1834,299,299,2024-06-04,"renewed"
2929,299,299,2024-04-03,"renewed"
1311,299,299,2024-03-27,"renewed"
1169,299,299,2024-06-10,"renewed"
4570,199,199,2024-04-10,"renewed"
1121,299,299,2024-05-30,"renewed"
3228,299,299,2024-05-23,"renewed"
3226,299,299,2024-02-10,"renewed"
4728,299,299,2024-04-05,"churned"
1551,299,299,2024-02-04,"churned"
3088,299,299,2024-03-31,"renewed"
2260,299,299,2024-03-03,"churned"
295,199,199,2024-05-27,"renewed"
4729,299,299,2024-04-29,"renewed"
4193,199,199,2024-03-06,"churned"
4513,299,299,2024-03-17,"renewed"
4546,299,299,2024-05-13,"renewed"
1645,199,199,2024-03-18,"churned"
2900,299,299,2024-03-28,"renewed"
2970,299,299,2024-03-31,"renewed"
1184,299,299,2024-05-16,"renewed"
986,299,299,2024-02-19,"churned"
2710,299,299,2024-03-27,"renewed"
4079,299,299,2024-04-08,"renewed"
2215,299,299,2024-03-04,"renewed"
3460,199,199,2024-06-27,"churned"
1194,199,199,2024-02-06,"churned"
1842,299,299,2024-03-30,"renewed"
2143,299,299,2024-06-21,"churned"
3209,299,299,2024-01-31,"renewed"
1714,199,199,2024-03-12,"churned"
598,299,299,2024-06-12,"renewed"
3283,299,299,2024-01-16,"renewed"
959,299,299,2024-04-28,"renewed"
4143,199,199,2024-05-01,"churned"
4710,299,299,2024-06-07,"renewed"
2774,299,299,2024-06-11,"churned"
1866,199,199,2024-06-13,"renewed"
4000,199,199,2024-03-02,"renewed"
3466,199,199,2024-06-15,"renewed"
4751,299,299,2024-06-05,"renewed"
149,199,199,2024-04-01,"churned"
4421,299,299,2024-04-02,"churned"
865,299,299,2024-01-08,"churned"
4738,299,299,2024-04-13,"renewed"
2316,199,199,2024-04-03,"renewed"
1602,299,299,2024-06-06,"churned"
2660,199,199,2024-06-17,"renewed"
219,199,199,2024-05-22,"renewed"
2561,299,299,2024-03-17,"churned"
2131,299,299,2024-05-16,"churned"
3270,199,199,2024-01-20,"renewed"
178,299,299,2024-06-12,"churned"
2535,299,299,2024-04-25,"renewed"
1969,199,199,2024-06-25,"churned"
1502,299,299,2024-01-13,"churned"
30,199,199,2024-01-18,"renewed"
2246,199,199,2024-01-08,"renewed"
4716,299,299,2024-06-18,"churned"
3531,199,199,2024-01-08,"churned"
4369,199,199,2024-02-29,"churned"
3533,299,299,2024-02-27,"renewed"
1507,199,199,2024-04-24,"churned"
2822,199,199,2024-04-25,"renewed"
3300,199,199,2024-05-31,"churned"
1359,299,299,2024-02-13,"renewed"
1245,199,199,2024-04-13,"renewed"
3110,199,199,2024-06-27,"renewed"
3327,299,299,2024-05-15,"renewed"
3808,299,299,2024-06-16,"renewed"
2829,299,299,2024-06-09,"churned"
3991,199,199,2024-03-18,"churned"
3919,199,199,2024-05-28,"renewed"
2298,199,199,2024-02-02,"renewed"
1293,199,199,2024-04-14,"churned"
1659,299,299,2024-04-18,"renewed"
848,299,299,2024-02-24,"renewed"
664,199,199,2024-03-05,"renewed"
3406,199,199,2024-02-26,"renewed"
4291,299,299,2024-03-10,"churned"
2982,199,199,2024-05-21,"renewed"
3901,199,199,2024-01-25,"churned"
3793,199,199,2024-05-07,"churned"
1195,299,299,2024-06-15,"churned"
2296,299,299,2024-01-23,"churned"
4405,299,299,2024-06-19,"churned"
717,299,299,2024-04-12,"renewed"
3178,199,199,2024-05-24,"churned"
2285,199,199,2024-06-07,"renewed"
1101,299,299,2024-02-21,"churned"
2778,199,199,2024-01-28,"churned"
3315,299,299,2024-05-14,"churned"
2252,199,199,2024-04-30,"renewed"
1867,199,199,2024-01-18,"renewed"
2045,199,199,2024-05-13,"renewed"
1358,299,299,2024-05-27,"churned"
3216,199,199,2024-05-04,"renewed"
694,199,199,2024-03-27,"renewed"
144,199,199,2024-01-02,"renewed"
365,199,199,2024-06-01,"churned"
3910,299,299,2024-04-20,"churned"
3344,199,199,2024-05-13,"renewed"
1628,199,199,2024-06-19,"churned"
4802,299,299,2024-06-05,"churned"
4063,299,299,2024-01-09,"churned"
813,199,199,2024-05-21,"renewed"
2330,199,199,2024-06-21,"renewed"
344,299,299,2024-01-15,"churned"
3422,299,299,2024-06-22,"churned"
2129,199,199,2024-03-20,"churned"
965,299,299,2024-04-21,"renewed"
3554,299,299,2024-04-24,"churned"
4029,199,199,2024-02-14,"renewed"
2857,199,199,2024-02-13,"renewed"
1816,299,299,2024-01-09,"renewed"
4458,199,199,2024-04-01,"renewed"
2908,199,199,2024-03-08,"renewed"
3512,199,199,2024-05-19,"churned"
1827,299,299,2024-05-02,"churned"
114,299,299,2024-05-08,"churned"
1288,299,299,2024-06-20,"churned"
2438,299,299,2024-06-16,"renewed"
3026,199,199,2024-05-03,"churned"
534,199,199,2024-05-11,"churned"
3485,299,299,2024-02-11,"renewed"
4238,299,299,2024-06-09,"renewed"
3720,299,299,2024-04-08,"renewed"
772,199,199,2024-04-20,"renewed"
2382,299,299,2024-05-09,"churned"
4976,199,199,2024-05-17,"churned"
2699,299,299,2024-03-12,"renewed"
4271,299,299,2024-05-21,"churned"
1172,199,199,2024-03-01,"renewed"
1131,299,299,2024-01-27,"renewed"
1870,299,299,2024-03-17,"renewed"
1053,299,299,2024-03-17,"churned"
2076,199,199,2024-01-29,"renewed"
243,199,199,2024-01-08,"renewed"
4407,299,299,2024-03-06,"renewed"
4712,299,299,2024-04-11,"renewed"
3011,299,299,2024-03-16,"churned"
764,299,299,2024-06-26,"renewed"
4459,199,199,2024-06-17,"churned"
355,299,299,2024-05-17,"churned"
1722,299,299,2024-06-01,"churned"
1542,199,199,2024-01-26,"renewed"
1211,299,299,2024-04-25,"churned"
2790,199,199,2024-06-02,"churned"
4962,299,299,2024-03-26,"renewed"
1621,299,299,2024-04-12,"renewed"
2948,199,199,2024-05-19,"renewed"
3203,199,199,2024-06-02,"churned"
447,199,199,2024-01-13,"churned"
756,199,199,2024-03-22,"renewed"
1441,299,299,2024-01-31,"churned"
859,299,299,2024-01-17,"churned"
3429,199,199,2024-05-22,"renewed"
1356,199,199,2024-01-22,"renewed"
792,199,199,2024-01-16,"churned"
3470,299,299,2024-05-03,"renewed"
3025,299,299,2024-06-09,"renewed"
1090,299,299,2024-02-10,"churned"
3111,299,299,2024-05-11,"renewed"
4808,199,199,2024-04-06,"renewed"
2206,299,299,2024-04-01,"renewed"
1152,299,299,2024-03-09,"renewed"
1369,299,299,2024-06-18,"churned"
1438,299,299,2024-06-17,"churned"
3588,199,199,2024-05-14,"renewed"
700,299,299,2024-04-24,"churned"
4955,199,199,2024-01-24,"churned"
2009,199,199,2024-02-13,"renewed"
4859,299,299,2024-03-08,"renewed"
1412,299,299,2024-05-19,"renewed"
3550,299,299,2024-01-04,"renewed"
3448,199,199,2024-03-29,"renewed"
4278,299,299,2024-01-03,"churned"
410,199,199,2024-06-02,"churned"
2883,299,299,2024-02-28,"churned"
3540,199,199,2024-04-23,"renewed"
770,299,299,2024-01-09,"renewed"
23,299,299,2024-06-22,"churned"
1423,199,199,2024-01-13,"renewed"
1320,199,199,2024-05-12,"churned"
1174,299,299,2024-04-20,"churned"
4375,199,199,2024-05-02,"churned"
630,199,199,2024-02-22,"renewed"
1497,299,299,2024-05-03,"churned"
3843,299,299,2024-03-01,"renewed"
